=== refresh run: 2026-09-07 18:34:57.358694 ===
repo=/Users/admin/refresh-metadata/refresh-metadata-tool
python=/Library/Developer/CommandLineTools/usr/bin/python3 (3.9.6)
args=<full pipeline>

══════════════════════════════════════════════════
  BscScan Metadata Workflow
══════════════════════════════════════════════════

── Step 1: Update tokens.csv from Google Sheet ─────

  ▸ Fetch shared token sheet (CSV export)
  ✓ Pulled 2098 token ids from sheet 1OgtsuOP2eKQays_mWAzVK2eRoQKP1QYVRsquGOafH7w (gid=0)

── Run inputs ──────────────────────────
  Tokens in CSV      2098

── Step 2: Ensure starting crawl cookie (account 1) 
  Account pool       refresh1
  ✓ Cookies still valid today: refresh1

── Step 3: Reset compare output files ──────────────
  ✓ Progress reset: progress.json
  ✓ Report reset:   report.json

── Step 4: Crawl — compare BscScan vs on-chain metadata 

  ▸ crawl/compare.py
/Users/admin/Library/Python/3.9/lib/python/site-packages/urllib3/__init__.py:35: NotOpenSSLWarning: urllib3 v2 only supports OpenSSL 1.1.1+, currently the 'ssl' module is compiled with 'LibreSSL 2.8.3'. See: https://github.com/urllib3/urllib3/issues/3020
  warnings.warn(

══════════════════════════════════════════════════
  Crawl — BscScan vs on-chain metadata
══════════════════════════════════════════════════
  Account pool       refresh1, refresh2, refresh3, refresh4, refresh5, refresh6, refresh7, refresh8, refresh9, refresh10, refresh11, refresh12, refresh13, refresh14, refresh15, refresh16, refresh17, refresh18, refresh19, refresh20
  Active account     refresh1

── Run config ──────────────────────────
  Total tokens       2098
  Already done       0
  Remaining          2098
  Concurrency        50
  RPC                https://bsc-dataseed.binance.org
    ⚠ …6806967862  bscscan retry 1/2: Remote end closed connection without response
    ⚠ …5406815304  metadata retry 1/2: The read operation timed out
    ⚠ …4341071498  bscscan retry 1/2: The read operation timed out
  ✓ …7042626414  in_sync
  ✓ …6496747877  in_sync
  ⚠ …3795184056  out_of_sync (5 diffs)
  ⚠ …7773453108  out_of_sync (4 diffs)
  ⚠ …8392708154  out_of_sync (4 diffs)
  ⚠ …4236188148  out_of_sync (4 diffs)
  ⚠ …4032236411  out_of_sync (3 diffs)
  ⚠ …7436582603  out_of_sync (3 diffs)
  ⚠ …6806967862  out_of_sync (4 diffs)
  ⚠ …6067153519  out_of_sync (3 diffs)
  ⚠ …1737398460  out_of_sync (3 diffs)
  ⚠ …3286898515  out_of_sync (4 diffs)
  ⚠ …6815109619  out_of_sync (3 diffs)
  ⚠ …5406815304  out_of_sync (3 diffs)
  ⚠ …3520906590  out_of_sync (3 diffs)
  ⚠ …2200191489  out_of_sync (3 diffs)
  ⚠ …8570373812  out_of_sync (3 diffs)
  ⚠ …3578602920  out_of_sync (3 diffs)
  ✓ …8288652386  in_sync
  ✓ …1338965844  in_sync
  ✓ …3170002828  in_sync
  ✓ …6480404821  in_sync
  ✓ …9567553818  in_sync
  ✓ …3743606197  in_sync
  ✓ …5965993609  in_sync
  ⚠ …2703196373  out_of_sync (4 diffs)
  ✓ …8503204075  in_sync
  ✓ …8797098144  in_sync
  ✓ …2100184267  in_sync
  ⚠ …4341071498  out_of_sync (5 diffs)
  ✓ …9109631433  in_sync
  ✓ …3623086940  in_sync
  ✓ …3476029439  in_sync
  ✓ …6574055568  in_sync
  ⚠ …2514853523  out_of_sync (4 diffs)
  ✓ …9712609356  in_sync
  ✓ …2526905674  in_sync
  ✓ …3768681412  in_sync
  ⚠ …7106413092  out_of_sync (5 diffs)
  ✓ …4259500644  in_sync
  ✓ …2263959910  in_sync
  ✓ …1824718566  in_sync
  ✓ …1130817385  in_sync
  ✓ …6688343176  in_sync
  ✓ …1915983696  in_sync
  ✓ …5964128720  in_sync
  ✓ …8569218368  in_sync
  ✓ …3525500316  in_sync
  ✓ …1672462290  in_sync
  ✓ …5824965424  in_sync
  · Batch done — 50/2098 tokens
    ⚠ …3053198253  rpc retry 1/2: [Errno 60] Operation timed out
  ✓ …0075333873  in_sync
  ✓ …1671255615  in_sync
  ⚠ …0122402660  out_of_sync (6 diffs)
  ✓ …3645949792  in_sync
  ✓ …9181475212  in_sync
  ✓ …3053198253  in_sync
  ⚠ …9205333334  out_of_sync (5 diffs)
  ⚠ …4732764354  out_of_sync (5 diffs)
  ✓ …1960000040  in_sync
  ✓ …0825101780  in_sync
  ✓ …5909205418  in_sync
  ✓ …3123169708  in_sync
  ✓ …8667725864  in_sync
  ✓ …2205890965  in_sync
  ✓ …6612797615  in_sync
  ⚠ …1322690699  out_of_sync (4 diffs)
  ✓ …1358977228  in_sync
  ✓ …7425309256  in_sync
  ✓ …0135118497  in_sync
  ✓ …7117731535  in_sync
  ✓ …6903992396  in_sync
  ⚠ …1107153548  out_of_sync (5 diffs)
  ✓ …2708932329  in_sync
  ✓ …3016456354  in_sync
  ✓ …9285806225  in_sync
  ✓ …4625160716  in_sync
  ✓ …4716310789  in_sync
  ✓ …6786906528  in_sync
  ✓ …1998273230  in_sync
  ✓ …0587418106  in_sync
  ✓ …0720562967  in_sync
  ✓ …9046971372  in_sync
  ✓ …4809748779  in_sync
  ⚠ …4495309997  out_of_sync (5 diffs)
  ✓ …7194723188  in_sync
  ✓ …8338826922  in_sync
  ⚠ …1791969462  out_of_sync (4 diffs)
  ✓ …7190118337  in_sync
  ⚠ …1140732646  out_of_sync (5 diffs)
  ⚠ …5606638289  out_of_sync (6 diffs)
  ⚠ …6568404619  out_of_sync (5 diffs)
  ✓ …8687187852  in_sync
  ✓ …7363395811  in_sync
  ⚠ …9794702796  out_of_sync (5 diffs)
  ⚠ …1157128882  out_of_sync (5 diffs)
  ✓ …2926225754  in_sync
  ✓ …0533765210  in_sync
  ✓ …5181394463  in_sync
  ✓ …8852404478  in_sync
  ✓ …1239908559  in_sync
  · Batch done — 100/2098 tokens
    ⚠ …8335619761  metadata retry 1/2: [Errno 60] Operation timed out
    ⚠ …0930830905  metadata retry 1/2: [Errno 60] Operation timed out
    ⚠ …3715453902  rpc retry 1/2: [Errno 60] Operation timed out
    ⚠ …1980001668  bscscan retry 1/2: The read operation timed out
    ⚠ …5591851474  metadata retry 1/2: _ssl.c:1112: The handshake operation timed out
  ✓ …2078149451  in_sync
  ✓ …0484488766  in_sync
  ✓ …3190038901  in_sync
  ✓ …0293142667  in_sync
  ✓ …7712319272  in_sync
  ✓ …5828733749  in_sync
  ✓ …5213731929  in_sync
  ✓ …5994813465  in_sync
  ✓ …9511314456  in_sync
  ✓ …9364159890  in_sync
  ✓ …3197453115  in_sync
  ✓ …8301750122  in_sync
  ✓ …3695810878  in_sync
  ✓ …7523019290  in_sync
  ✓ …6781371822  in_sync
  ✓ …5801527820  in_sync
  ✓ …1058921739  in_sync
  ✓ …3411596044  in_sync
  ✓ …5493356981  in_sync
  ✓ …3321312327  in_sync
  ✓ …5520974008  in_sync
  ✓ …8291170149  in_sync
  ✓ …5809765096  in_sync
  ✓ …1915349136  in_sync
  ✓ …8335619761  in_sync
  ✓ …6775466423  in_sync
  ✓ …5078471511  in_sync
  ✓ …9434591881  in_sync
  ✓ …1980001668  in_sync
  ✓ …4135033954  in_sync
  ✓ …4267478371  in_sync
  ✓ …7250659686  in_sync
  ✓ …8608273544  in_sync
  ✓ …3162804423  in_sync
  ✓ …8361835648  in_sync
  ✓ …5769285580  in_sync
  ✓ …9046542025  in_sync
  ✓ …2494486346  in_sync
  ✓ …0891608114  in_sync
  ✓ …3910430222  in_sync
  ✓ …2055708100  in_sync
  ✓ …6241891240  in_sync
  ✓ …0930830905  in_sync
  ✓ …3715453902  in_sync
  ✓ …4084125472  in_sync
  ✓ …6632861088  in_sync
  ✓ …1487242178  in_sync
  ✓ …9592956098  in_sync
  ✓ …0786410093  in_sync
  ✓ …5591851474  in_sync
  · Batch done — 150/2098 tokens
    ⚠ …1746420818  metadata retry 1/2: [Errno 60] Operation timed out
    ⚠ …0540969248  metadata retry 1/2: [Errno 60] Operation timed out
    ⚠ …2472644393  rpc retry 1/2: _ssl.c:1112: The handshake operation timed out
    ⚠ …5810677031  bscscan retry 1/2: The read operation timed out
    ⚠ …6596831793  metadata retry 1/2: _ssl.c:1112: The handshake operation timed out
  ✓ …4630508580  in_sync
  ✓ …8853215665  in_sync
  ✓ …1520738623  in_sync
  ✓ …0113436616  in_sync
  ✓ …2472644393  in_sync
  ✓ …1610145549  in_sync
  ✓ …7057344596  in_sync
  ✓ …5436198826  in_sync
  ✓ …1933920013  in_sync
  ✓ …1467164992  in_sync
  ✓ …9705469144  in_sync
  ✓ …4254123114  in_sync
  ✓ …9861673280  in_sync
  ✓ …4790971326  in_sync
  ✓ …9609075927  in_sync
  ✓ …7997209741  in_sync
  ✓ …5801566004  in_sync
  ⚠ …5438482875  out_of_sync (5 diffs)
  ✓ …5956890214  in_sync
  ✓ …7638941621  in_sync
  ✓ …1746420818  in_sync
  ✓ …8868357135  in_sync
  ⚠ …3869490205  out_of_sync (4 diffs)
  ✓ …2715294161  in_sync
  ✓ …5810677031  in_sync
  ✓ …6091582936  in_sync
  ✓ …6275407714  in_sync
  ✓ …0462485167  in_sync
  ✓ …4709725293  in_sync
  ✓ …0977285709  in_sync
  ✓ …3928715897  in_sync
  ✓ …9405750234  in_sync
  ⚠ …9915404739  out_of_sync (5 diffs)
  ✓ …7918343577  in_sync
  ✓ …0540969248  in_sync
  ✓ …6277994383  in_sync
  ✓ …0623686795  in_sync
  ✓ …8607203500  in_sync
  ✓ …6411568947  in_sync
  ✓ …4262034066  in_sync
  ✓ …4892644308  in_sync
  ✓ …4671622524  in_sync
  ✓ …2873996614  in_sync
  ✓ …1875994235  in_sync
  ✓ …4714479064  in_sync
  ✓ …0988302730  in_sync
  ✓ …6589769116  in_sync
  ✓ …3583306568  in_sync
  ✓ …6596831793  in_sync
  ✓ …4931400878  in_sync
  · Batch done — 200/2098 tokens
    ⚠ …9996230974  metadata retry 1/2: [Errno 60] Operation timed out
    ⚠ …2623148492  bscscan retry 1/2: The read operation timed out
  ✓ …0090850133  in_sync
  ✓ …2155360879  in_sync
  ✓ …0227948002  in_sync
  ✓ …9815549054  in_sync
  ✓ …8418094602  in_sync
  ✓ …4724785820  in_sync
  ✓ …3935419754  in_sync
  ✓ …3474614694  in_sync
  ✓ …7900674506  in_sync
  ✓ …8981472171  in_sync
  ✓ …4163880641  in_sync
  ✓ …7487575085  in_sync
  ✓ …7845976331  in_sync
  ✓ …9267980037  in_sync
  ✓ …1352125125  in_sync
  ✓ …0885177321  in_sync
  ✓ …1077430794  in_sync
  ✓ …0067277391  in_sync
  ✓ …3946982789  in_sync
  ✓ …7798758987  in_sync
  ✓ …3292210874  in_sync
  ✓ …0893818627  in_sync
  ✓ …5412476805  in_sync
  ✓ …9226555418  in_sync
  ✓ …4642484365  in_sync
  ✓ …0073320560  in_sync
  ✓ …6274047864  in_sync
  ✓ …5152215023  in_sync
  ✓ …0398864516  in_sync
  ✓ …8831939634  in_sync
  ✓ …7395412289  in_sync
  ✓ …6847017828  in_sync
  ✓ …7465429921  in_sync
  ✓ …1075916772  in_sync
  ✓ …4477542724  in_sync
  ✓ …8021515127  in_sync
  ✓ …3186158831  in_sync
  ✓ …9281460031  in_sync
  ✓ …4613601224  in_sync
  ✓ …7879334469  in_sync
  ✓ …1614790500  in_sync
  ✓ …2623148492  in_sync
  ✓ …5536871879  in_sync
  ✓ …6469397607  in_sync
  ✓ …7308649751  in_sync
  ✓ …1289865479  in_sync
  ✓ …9996230974  in_sync
  ✓ …5246842745  in_sync
  ✓ …9541459500  in_sync
  ⚠ …2181428100  out_of_sync (5 diffs)
  · Batch done — 250/2098 tokens
    ⚠ …5170552486  bscscan retry 1/2: Remote end closed connection without response
    ⚠ …3295291136  metadata retry 1/2: [Errno 60] Operation timed out
    ⚠ …8742886430  metadata retry 1/2: [Errno 60] Operation timed out
    ⚠ …2689952069  metadata retry 1/2: [Errno 60] Operation timed out
    ⚠ …7058364160  metadata retry 1/2: [Errno 60] Operation timed out
    ⚠ …2272619296  bscscan retry 1/2: The read operation timed out
  ✓ …7443303702  in_sync
  ✓ …9106173898  in_sync
  ✓ …2272619296  in_sync
  ⚠ …6599411491  out_of_sync (5 diffs)
  ✓ …3295291136  in_sync
  ✓ …5764690080  in_sync
  ✓ …8747265520  in_sync
  ✓ …7302978100  in_sync
  ✓ …8618482848  in_sync
  ✓ …9616780693  in_sync
  ✓ …1300330000  in_sync
  ✓ …9565972745  in_sync
  ✓ …8154709774  in_sync
  ✓ …0313108480  in_sync
  ✓ …1234440236  in_sync
  ✓ …7459417081  in_sync
  ✓ …2427348494  in_sync
  ✓ …9294958710  in_sync
  ✓ …3279931677  in_sync
  ✓ …2689952069  in_sync
  ✓ …5532845976  in_sync
  ✓ …0879834242  in_sync
  ⚠ …8742886430  out_of_sync (5 diffs)
  ✓ …0258972253  in_sync
  ✓ …5255001286  in_sync
  ✓ …5864930522  in_sync
  ✓ …1458260761  in_sync
  ✓ …9014481221  in_sync
  ✓ …0319330162  in_sync
  ✓ …1060591073  in_sync
  ✓ …7533721236  in_sync
  ✓ …8152376356  in_sync
  ✓ …9505061142  in_sync
  ✓ …5170552486  in_sync
  ✓ …5263888914  in_sync
  ✓ …9680298168  in_sync
  ✓ …5430941309  in_sync
  ✓ …9764326296  in_sync
  ✓ …8569768973  in_sync
  ✓ …4833367291  in_sync
  ✓ …0750080639  in_sync
  ✓ …1261621476  in_sync
  ✓ …6782009134  in_sync
  ✓ …1885885704  in_sync
  ✓ …3900302731  in_sync
  ✓ …0861858111  in_sync
  ✓ …7058364160  in_sync
  ✓ …2420793517  in_sync
  ✓ …0352956902  in_sync
  ✓ …5563851790  in_sync
  · Batch done — 300/2098 tokens
    ⚠ …2036875850  bscscan retry 1/2: Remote end closed connection without response
    ⚠ …8352429196  metadata retry 1/2: [Errno 60] Operation timed out
    ⚠ …2546590275  metadata retry 1/2: [Errno 60] Operation timed out
  ✓ …5107803980  in_sync
  ✓ …8227936584  in_sync
  ✓ …1487591675  in_sync
  ✓ …4369160336  in_sync
  ✓ …6848413763  in_sync
  ✓ …2770186517  in_sync
  ✓ …6157962752  in_sync
  ✓ …5625640113  in_sync
  ✓ …5138740647  in_sync
  ✓ …4346639629  in_sync
  ✓ …4025605624  in_sync
  ✓ …3128518351  in_sync
  ✓ …2036875850  in_sync
  ✓ …6720331876  in_sync
  ✓ …4139887935  in_sync
  ✓ …6047622469  in_sync
  ✓ …6394538890  in_sync
  ✓ …3371915154  in_sync
  ✓ …9725416612  in_sync
  ✓ …1113126884  in_sync
  ✓ …2871064217  in_sync
  ✓ …7974012312  in_sync
  ✓ …2546590275  in_sync
  ✓ …4783656939  in_sync
  ✓ …0486949960  in_sync
  ✓ …5425269316  in_sync
  ✓ …9971723003  in_sync
  ✓ …6896917510  in_sync
  ✓ …3902160284  in_sync
  ✓ …8673365943  in_sync
  ✓ …0303695114  in_sync
  ✓ …3769513845  in_sync
  ✓ …7246118887  in_sync
  ✓ …7802504461  in_sync
  ✓ …2494638108  in_sync
  ✓ …8986390523  in_sync
  ✓ …5661696180  in_sync
  ✓ …6474067146  in_sync
  ✓ …9440758920  in_sync
  ✓ …4422837643  in_sync
  ✓ …6624411879  in_sync
  ✓ …5245963442  in_sync
  ✓ …4032111985  in_sync
  ✓ …5863525616  in_sync
  ✓ …3814868680  in_sync
  ⚠ …7933087420  out_of_sync (4 diffs)
  ✓ …0741649871  in_sync
  ✓ …0311621587  in_sync
  ✓ …8352429196  in_sync
  ✓ …3555641560  in_sync
  · Batch done — 350/2098 tokens
    ⚠ …7029434564  metadata retry 1/2: [Errno 60] Operation timed out
    ⚠ …6888429353  metadata retry 1/2: [Errno 60] Operation timed out
    ⚠ …4575388133  rpc retry 1/2: [Errno 60] Operation timed out
    ⚠ …8962291798  metadata retry 1/2: [Errno 60] Operation timed out
  ✓ …6938206468  in_sync
  ✓ …5367345260  in_sync
  ✓ …5659894923  in_sync
  ✓ …9657324405  in_sync
  ✓ …0934138495  in_sync
  ✓ …8266848210  in_sync
  ✓ …7029434564  in_sync
  ✓ …5296940009  in_sync
  ✓ …9480245810  in_sync
  ✓ …6493763331  in_sync
  ✓ …8962291798  in_sync
  ✓ …6858098890  in_sync
  ✓ …6908890846  in_sync
  ✓ …0796300998  in_sync
  ✓ …0545205721  in_sync
  ✓ …7116920447  in_sync
  ✓ …4536924532  in_sync
  ✓ …4575388133  in_sync
  ✓ …0875009067  in_sync
  ✓ …5255658465  in_sync
  ✓ …8313430144  in_sync
  ⚠ …4250388736  out_of_sync (5 diffs)
  ✓ …6096062285  in_sync
  ✓ …9481173590  in_sync
  ✓ …4274233020  in_sync
  ✓ …9364522425  in_sync
  ✓ …0440493900  in_sync
  ✓ …1379746451  in_sync
  ✓ …2149200564  in_sync
  ✓ …9828856080  in_sync
  ✓ …8359922167  in_sync
  ✓ …0657151298  in_sync
  ✓ …7942873528  in_sync
  ✓ …8154952339  in_sync
  ✓ …6777248904  in_sync
  ✓ …9820705048  in_sync
  ✓ …1491320150  in_sync
  ✓ …7057825347  in_sync
  ✓ …2533238659  in_sync
  ✓ …9288313736  in_sync
  ✓ …6888429353  in_sync
  ✓ …7096643732  in_sync
  ✓ …7857393658  in_sync
  ✓ …8887639470  in_sync
  ✓ …5649418020  in_sync
  ✓ …8555281434  in_sync
  ✓ …2468651097  in_sync
  ✓ …1665107296  in_sync
  ✓ …1349465494  in_sync
  ✓ …1046790157  in_sync
  · Batch done — 400/2098 tokens
    ⚠ …3741496923  bscscan retry 1/2: The read operation timed out
    ⚠ …7526972490  rpc retry 1/2: _ssl.c:1112: The handshake operation timed out
    ⚠ …2027412089  metadata retry 1/2: The read operation timed out
    ⚠ …9741068141  metadata retry 1/2: The read operation timed out
    ⚠ …5887130151  rpc retry 1/2: The read operation timed out
  ✓ …1560043512  in_sync
  ✓ …2101871766  in_sync
  ✓ …2225516757  in_sync
  ✓ …5859850310  in_sync
  ✓ …5454176822  in_sync
  ✓ …7526972490  in_sync
  ✓ …4483984155  in_sync
  ✓ …2601474928  in_sync
  ✓ …3426590484  in_sync
  ✓ …7650032020  in_sync
  ✓ …1494053362  in_sync
  ✓ …5529488649  in_sync
  ✓ …0599272877  in_sync
  ✓ …6001152198  in_sync
  ✓ …5014193792  in_sync
  ✓ …2750703137  in_sync
  ✓ …4718397045  in_sync
  ✓ …8605132561  in_sync
  ⚠ …7688214252  out_of_sync (5 diffs)
  ✓ …3741496923  in_sync
  ✓ …3648891761  in_sync
  ✓ …4083740273  in_sync
  ✓ …0416162856  in_sync
  ✓ …7144943150  in_sync
  ✓ …1570379702  in_sync
  ✓ …1528939994  in_sync
  ✓ …1587744075  in_sync
  ✓ …4144965497  in_sync
  ✓ …9053756858  in_sync
  ✓ …8566944286  in_sync
  ✓ …8426837909  in_sync
  ✓ …4292196928  in_sync
  ✓ …0385208320  in_sync
  ✓ …2080238555  in_sync
  ✓ …4933607984  in_sync
  ✓ …6893037202  in_sync
  ✓ …2027412089  in_sync
  ✓ …0740179664  in_sync
  ✓ …6463976932  in_sync
  ✓ …3998055271  in_sync
  ✓ …9741068141  in_sync
  ✓ …2873227947  in_sync
  ✓ …8774311303  in_sync
  ✓ …8229031938  in_sync
  ✓ …8536512642  in_sync
  ✓ …0124550747  in_sync
  ✓ …1051553613  in_sync
  ✓ …5887130151  in_sync
  ✓ …8872982673  in_sync
  ✓ …1876686908  in_sync
  · Batch done — 450/2098 tokens
    ⚠ …1658886555  bscscan retry 1/2: Remote end closed connection without response
    ⚠ …7586726573  metadata retry 1/2: _ssl.c:1112: The handshake operation timed out
  ✓ …1325541349  in_sync
  ✓ …4237220244  in_sync
  ✓ …8564305265  in_sync
  ✓ …7066913718  in_sync
  ✓ …4795407220  in_sync
  ✓ …0541741658  in_sync
  ✓ …2066378445  in_sync
  ✓ …1658886555  in_sync
  ✓ …3658562143  in_sync
  ✓ …5371197760  in_sync
  ✓ …1606286356  in_sync
  ✓ …7851039926  in_sync
  ✓ …3082109687  in_sync
  ✓ …5413746162  in_sync
  ✓ …0994374480  in_sync
  ✓ …7586726573  in_sync
  ✓ …5920887577  in_sync
  ✓ …1238932297  in_sync
  ✓ …5313749781  in_sync
  ✓ …4751092758  in_sync
  ✓ …4263415498  in_sync
  ✓ …9434688114  in_sync
  ✓ …3794423656  in_sync
  ✓ …7329084740  in_sync
  ✓ …9760295855  in_sync
  ✓ …1881275031  in_sync
  ✓ …3004655767  in_sync
  ✓ …5097815847  in_sync
  ✓ …7936362832  in_sync
  ✓ …1916612295  in_sync
  ✓ …6698778568  in_sync
  ⚠ …7643164167  out_of_sync (5 diffs)
  ✓ …0108102269  in_sync
  ✓ …7778344868  in_sync
  ✓ …6709383640  in_sync
  ✓ …9115100683  in_sync
  ✓ …4143890860  in_sync
  ✓ …5395987890  in_sync
  ✓ …1508123935  in_sync
  ✓ …5015489700  in_sync
  ✓ …9628070775  in_sync
  ✓ …4314591806  in_sync
  ✓ …5627625617  in_sync
  ✓ …4548724831  in_sync
  ✓ …7632648800  in_sync
  ✓ …7771321057  in_sync
  ✓ …3300792633  in_sync
  ✓ …4296577774  in_sync
  ⚠ …9900577446  out_of_sync (5 diffs)
  ✓ …8895613160  in_sync
  · Batch done — 500/2098 tokens
    ⚠ …4065972909  metadata retry 1/2: [Errno 60] Operation timed out
    ⚠ …1367953913  metadata retry 1/2: [Errno 60] Operation timed out
    ⚠ …7286165258  rpc retry 1/2: [Errno 60] Operation timed out
    ⚠ …5395368086  bscscan retry 1/2: The read operation timed out
    ⚠ …1916206865  metadata retry 1/2: The read operation timed out
  ✓ …1244952025  in_sync
  ✓ …3314155295  in_sync
  ✓ …9033197680  in_sync
  ✓ …1246264412  in_sync
  ✓ …9912786434  in_sync
  ✓ …1105954154  in_sync
  ✓ …4065972909  in_sync
  ✓ …1916206865  in_sync
  ✓ …6512052311  in_sync
  ✓ …0515373329  in_sync
  ⚠ …7275189861  out_of_sync (4 diffs)
  ✓ …0538317921  in_sync
  ✓ …2528856130  in_sync
  ✓ …5007313274  in_sync
  ✓ …2076764936  in_sync
  ⚠ …4429356993  out_of_sync (4 diffs)
  ✓ …4655006840  in_sync
  ✓ …0783366750  in_sync
  ✓ …1422339839  in_sync
  ✓ …0725121670  in_sync
  ✓ …4205151624  in_sync
  ✓ …3389751556  in_sync
  ✓ …5395368086  in_sync
  ✓ …2308695924  in_sync
  ✓ …3864976713  in_sync
  ✓ …7285965484  in_sync
  ⚠ …5516195966  out_of_sync (5 diffs)
  ✓ …5253230905  in_sync
  ✓ …5403319306  in_sync
  ✓ …9324719513  in_sync
  ✓ …2716529642  in_sync
  ✓ …1101084968  in_sync
  ✓ …7286165258  in_sync
  ✓ …0639596685  in_sync
  ✓ …8246802747  in_sync
  ✓ …9677943895  in_sync
  ✓ …7641342168  in_sync
  ✓ …5793502794  in_sync
  ✓ …5151408109  in_sync
  ✓ …4614058198  in_sync
  ✓ …0804829528  in_sync
  ✓ …2873316325  in_sync
  ✓ …1367953913  in_sync
  ✓ …6542460463  in_sync
  ✓ …1010010775  in_sync
  ✓ …4621023955  in_sync
  ⚠ …3437074534  out_of_sync (5 diffs)
  ✓ …6687183230  in_sync
  ⚠ …9252417660  out_of_sync (4 diffs)
  ✓ …3263293458  in_sync
  · Batch done — 550/2098 tokens
    ⚠ …0548599018  bscscan retry 1/2: Remote end closed connection without response
    ⚠ …2263382110  rpc retry 1/2: [Errno 60] Operation timed out
    ⚠ …1845816598  metadata retry 1/2: [Errno 60] Operation timed out
    ⚠ …5942646036  rpc retry 1/2: [Errno 60] Operation timed out
    ⚠ …1757748609  metadata retry 1/2: [Errno 60] Operation timed out
    ⚠ …2358936449  metadata retry 1/2: [Errno 60] Operation timed out
  ✓ …5271733791  in_sync
  ⚠ …5342243623  out_of_sync (5 diffs)
  ✓ …3486932654  in_sync
  ✓ …9877231609  in_sync
  ✓ …2701192892  in_sync
  ✓ …6359089930  in_sync
  ✓ …2730354936  in_sync
  ✓ …8882516696  in_sync
  ⚠ …8521392768  out_of_sync (5 diffs)
  ✓ …7161947987  in_sync
  ✓ …5062330683  in_sync
  ✓ …9430429511  in_sync
  ✓ …7875661669  in_sync
  ✓ …5942646036  in_sync
  ✓ …6275797563  in_sync
  ✓ …5908872834  in_sync
  ✓ …5360280495  in_sync
  ✓ …4628181669  in_sync
  ✓ …2724258532  in_sync
  ⚠ …2358936449  out_of_sync (6 diffs)
  ✓ …0753013617  in_sync
  ✓ …1543474761  in_sync
  ✓ …5538263488  in_sync
  ✓ …5849419972  in_sync
  ✓ …9450733379  in_sync
  ✓ …5016864232  in_sync
  ✓ …1057689138  in_sync
  ✓ …2263382110  in_sync
  ✓ …6966296346  in_sync
  ✓ …1427730769  in_sync
  ✓ …6820869854  in_sync
  ✓ …3431409458  in_sync
  ✓ …0452687461  in_sync
  ✓ …7732448783  in_sync
  ✓ …5452128354  in_sync
  ✓ …8552840780  in_sync
  ✓ …6571476155  in_sync
  ✓ …8333389095  in_sync
  ✓ …7141538981  in_sync
  ✓ …2178455962  in_sync
  ✓ …1845816598  in_sync
  ✓ …8356358066  in_sync
  ✓ …1274245756  in_sync
  ✓ …3199378927  in_sync
  ✓ …1757748609  in_sync
  ✓ …4978047213  in_sync
  ✓ …0548599018  in_sync
  ✓ …3798905699  in_sync
  ✓ …1151337767  in_sync
  ⚠ …1850202291  out_of_sync (5 diffs)
  · Batch done — 600/2098 tokens
    ⚠ …7262708463  bscscan retry 1/2: Remote end closed connection without response
    ⚠ …9278789071  metadata retry 1/2: [Errno 60] Operation timed out
    ⚠ …7783212801  metadata retry 1/2: [Errno 60] Operation timed out
    ⚠ …4349151864  metadata retry 1/2: [Errno 60] Operation timed out
    ⚠ …3299176410  bscscan retry 1/2: The read operation timed out
    ⚠ …4349151864  metadata retry 2/2: [Errno 60] Operation timed out
  ✓ …4903919449  in_sync
  ✓ …5276996822  in_sync
  ✓ …1033349669  in_sync
  ✓ …1479987791  in_sync
  ✓ …3492603134  in_sync
  ✓ …5620183660  in_sync
  ✓ …7533349655  in_sync
  ✓ …2844971844  in_sync
  ✓ …8429704294  in_sync
  ✓ …7899084088  in_sync
  ✓ …7783212801  in_sync
  ✓ …5413451968  in_sync
  ✓ …2123725661  in_sync
  ✓ …3743001247  in_sync
  ✓ …4813202173  in_sync
  ✓ …8661823492  in_sync
  ✓ …0985467876  in_sync
  ✓ …7326074765  in_sync
  ✓ …4934169712  in_sync
  ✓ …8802062675  in_sync
  ✓ …6941452305  in_sync
  ✓ …1149016158  in_sync
  ✓ …7941090695  in_sync
  ⚠ …1504719854  out_of_sync (5 diffs)
  ✓ …1038983542  in_sync
  ✓ …9278789071  in_sync
  ⚠ …7262708463  out_of_sync (4 diffs)
  ✓ …4349151864  in_sync
  ✓ …5371054069  in_sync
  ✓ …9224758236  in_sync
  ✓ …8630796715  in_sync
  ✓ …4090586037  in_sync
  ✓ …4615655422  in_sync
  ✓ …4092128058  in_sync
  ✓ …7062017354  in_sync
  ⚠ …9389755643  out_of_sync (5 diffs)
  ✓ …7591655013  in_sync
  ✓ …8103099607  in_sync
  ✓ …5056906165  in_sync
  ✓ …9030410013  in_sync
  ✓ …4431285310  in_sync
  ✓ …6924983123  in_sync
  ✓ …8384280010  in_sync
  ⚠ …8808986442  out_of_sync (5 diffs)
  ✓ …3685936547  in_sync
  ✓ …0700429485  in_sync
  ✓ …5755348624  in_sync
  ✓ …3299176410  in_sync
  ✓ …4279990491  in_sync
  ✓ …3671877411  in_sync
  · Batch done — 650/2098 tokens
    ⚠ …8791903321  metadata retry 1/2: [Errno 60] Operation timed out
    ⚠ …1924066209  metadata retry 1/2: [Errno 60] Operation timed out
    ⚠ …5184976743  bscscan retry 1/2: The read operation timed out
    ⚠ …9553656398  bscscan retry 1/2: The read operation timed out
    ⚠ …8420047707  metadata retry 1/2: _ssl.c:1112: The handshake operation timed out
    ⚠ …5184976743  bscscan retry 2/2: The read operation timed out
  ✓ …6081947302  in_sync
  ✓ …9456601409  in_sync
  ✓ …9393045280  in_sync
  ✓ …1139859309  in_sync
  ✓ …3832456613  in_sync
  ✓ …5645325663  in_sync
  ✓ …8327148212  in_sync
  ✓ …9382240259  in_sync
  ✓ …8787940568  in_sync
  ✓ …0747576023  in_sync
  ✓ …1427560704  in_sync
  ⚠ …5184976743  out_of_sync (5 diffs)
  ✓ …8577457602  in_sync
  ✓ …1929549011  in_sync
  ✓ …2230413637  in_sync
  ✓ …5336297810  in_sync
  ✓ …6797633953  in_sync
  ✓ …9676559890  in_sync
  ✓ …8791903321  in_sync
  ✓ …4680889794  in_sync
  ✓ …7253823339  in_sync
  ⚠ …3953307801  out_of_sync (5 diffs)
  ⚠ …7318146565  out_of_sync (5 diffs)
  ✓ …7900225869  in_sync
  ✓ …6352329419  in_sync
  ✓ …4944540113  in_sync
  ✓ …2457446238  in_sync
  ✓ …9731288751  in_sync
  ✓ …9553656398  in_sync
  ✓ …8469005256  in_sync
  ✓ …1574616684  in_sync
  ✓ …1359290754  in_sync
  ✓ …3350381105  in_sync
  ✓ …4578240684  in_sync
  ✓ …8420047707  in_sync
  ✓ …9135211561  in_sync
  ✓ …1483835571  in_sync
  ✓ …9187489353  in_sync
  ✓ …8111764035  in_sync
  ✓ …6268558757  in_sync
  ✓ …6175428737  in_sync
  ✓ …2537930753  in_sync
  ⚠ …3487324800  out_of_sync (5 diffs)
  ✓ …7498369827  in_sync
  ✓ …9070017671  in_sync
  ✓ …1924066209  in_sync
  ✓ …3302602541  in_sync
  ✓ …2842922607  in_sync
  ✓ …3977842524  in_sync
  ✓ …9777107041  in_sync
  · Batch done — 700/2098 tokens
    ⚠ …9859170379  bscscan retry 1/2: Remote end closed connection without response
    ⚠ …5661507647  metadata retry 1/2: [Errno 60] Operation timed out
    ⚠ …7319800495  metadata retry 1/2: [Errno 60] Operation timed out
    ⚠ …5270114340  bscscan retry 1/2: The read operation timed out
    ⚠ …7319800495  metadata retry 2/2: [Errno 60] Operation timed out
    ⚠ …5270114340  metadata retry 1/2: [Errno 60] Operation timed out
  ⚠ …6985544135  out_of_sync (5 diffs)
  ✓ …4410089784  in_sync
  ✓ …3750036116  in_sync
  ✓ …0321577419  in_sync
  ✓ …3880974936  in_sync
  ✓ …5195790901  in_sync
  ✓ …8744363064  in_sync
  ✓ …5382465727  in_sync
  ✓ …2423690373  in_sync
  ✓ …0338910545  in_sync
  ✓ …8283121573  in_sync
  ✓ …2481894691  in_sync
  ✓ …2400909126  in_sync
  ✓ …7956909618  in_sync
  ⚠ …9602806098  out_of_sync (4 diffs)
  ✓ …9805528939  in_sync
  ✓ …6059033335  in_sync
  ⚠ …2655728122  out_of_sync (4 diffs)
  ✓ …9426146067  in_sync
  ✓ …7265278913  in_sync
  ✓ …1126743689  in_sync
  ✓ …3766709756  in_sync
  ✓ …7319800495  in_sync
  ✓ …1571428044  in_sync
  ✓ …2766061353  in_sync
  ✓ …9410483894  in_sync
  ✓ …6096761342  in_sync
  ✓ …8895034543  in_sync
  ✓ …2849430928  in_sync
  ✓ …5324881366  in_sync
  ✓ …8880857617  in_sync
  ✓ …1880693450  in_sync
  ✓ …1165468949  in_sync
  ✓ …3774939608  in_sync
  ✓ …7026868665  in_sync
  ✓ …2532344094  in_sync
  ✓ …9859170379  in_sync
  ✓ …0809101426  in_sync
  ✓ …7592107170  in_sync
  ✓ …7263308002  in_sync
  ✓ …7705284416  in_sync
  ✓ …3639884223  in_sync
  ✓ …5193684057  in_sync
  ✓ …0648406818  in_sync
  ✓ …9734237203  in_sync
  ✓ …5887744779  in_sync
  ✓ …5270114340  in_sync
  ⚠ …9073417276  out_of_sync (6 diffs)
  ✓ …5661507647  in_sync
  ✓ …3966830720  in_sync
  · Batch done — 750/2098 tokens
    ⚠ …7104983007  bscscan retry 1/2: Remote end closed connection without response
    ⚠ …6248913164  metadata retry 1/2: [Errno 60] Operation timed out
    ⚠ …1716310871  bscscan retry 1/2: The read operation timed out
    ⚠ …5421513904  rpc retry 1/2: [Errno 60] Operation timed out
    ⚠ …1927973506  metadata retry 1/2: The read operation timed out
  ✓ …6592529007  in_sync
  ✓ …2985443454  in_sync
  ✓ …5251768777  in_sync
  ✓ …8572142998  in_sync
  ✓ …4458586306  in_sync
  ✓ …1455795737  in_sync
  ✓ …4798236115  in_sync
  ✓ …4985505460  in_sync
  ✓ …2739486564  in_sync
  ✓ …4748113574  in_sync
  ✓ …6511026285  in_sync
  ✓ …4508688325  in_sync
  ✓ …7992409019  in_sync
  ✓ …7104983007  in_sync
  ✓ …9292871906  in_sync
  ✓ …9601386121  in_sync
  ✓ …4981526712  in_sync
  ✓ …0232156210  in_sync
  ✓ …0287948431  in_sync
  ✓ …0920466559  in_sync
  ✓ …1987580574  in_sync
  ✓ …8669281249  in_sync
  ✓ …8267329019  in_sync
  ✓ …6831191910  in_sync
  ✓ …8067069550  in_sync
  ✓ …6395123703  in_sync
  ⚠ …1716310871  out_of_sync (5 diffs)
  ⚠ …6105536199  out_of_sync (5 diffs)
  ✓ …1927973506  in_sync
  ✓ …7193059765  in_sync
  ✓ …6248913164  in_sync
  ✓ …2468659265  in_sync
  ✓ …7606366867  in_sync
  ✓ …7219024917  in_sync
  ✓ …1687057488  in_sync
  ✓ …2576056361  in_sync
  ✓ …8390931220  in_sync
  ✓ …6757938430  in_sync
  ✓ …8281046162  in_sync
  ✓ …0030882250  in_sync
  ✓ …5421513904  in_sync
  ✓ …4079462327  in_sync
  ✓ …9221490798  in_sync
  ✓ …7242530603  in_sync
  ✓ …6103750941  in_sync
  ✓ …9187484987  in_sync
  ✓ …4664065038  in_sync
  ✓ …9323033826  in_sync
  ✓ …9733546839  in_sync
  ✓ …8496526599  in_sync
  · Batch done — 800/2098 tokens
    ⚠ …5543042966  rpc retry 1/2: [Errno 60] Operation timed out
    ⚠ …4442706618  metadata retry 1/2: [Errno 60] Operation timed out
    ⚠ …8321551598  metadata retry 1/2: [Errno 60] Operation timed out
  ✓ …7403778971  in_sync
  ✓ …8214218158  in_sync
  ✓ …2265393801  in_sync
  ✓ …2115264288  in_sync
  ✓ …3371403419  in_sync
  ✓ …0935211495  in_sync
  ✓ …5597809944  in_sync
  ✓ …3432344885  in_sync
  ✓ …9668438777  in_sync
  ✓ …8289663733  in_sync
  ✓ …8106427421  in_sync
  ✓ …2145488598  in_sync
  ✓ …8895149619  in_sync
  ✓ …0644103242  in_sync
  ✓ …5376320521  in_sync
  ✓ …8475150955  in_sync
  ✓ …1639866958  in_sync
  ✓ …2522205498  in_sync
  ✓ …9184475096  in_sync
  ✓ …1985673185  in_sync
  ✓ …0134810559  in_sync
  ✓ …1758325029  in_sync
  ✓ …9629468808  in_sync
  ✓ …3215017253  in_sync
  ✓ …7330415764  in_sync
  ✓ …2276840558  in_sync
  ✓ …4348723924  in_sync
  ✓ …2730204483  in_sync
  ✓ …4692233071  in_sync
  ✓ …6942837140  in_sync
  ✓ …0345561965  in_sync
  ✓ …1571457208  in_sync
  ✓ …8685987605  in_sync
  ✓ …0312623673  in_sync
  ✓ …7104450444  in_sync
  ✓ …5580261804  in_sync
  ✓ …4419984597  in_sync
  ✓ …0719064170  in_sync
  ✓ …5543042966  in_sync
  ✓ …0823883873  in_sync
  ✓ …3241971072  in_sync
  ⚠ …8321551598  out_of_sync (5 diffs)
  ✓ …8285829658  in_sync
  ✓ …6883717559  in_sync
  ✓ …0080305309  in_sync
  ⚠ …4442706618  out_of_sync (5 diffs)
  ✓ …3109297544  in_sync
  ✓ …2415679406  in_sync
  ✓ …4842457855  in_sync
  ✓ …9397161628  in_sync
  · Batch done — 850/2098 tokens
    ⚠ …9799478317  metadata retry 1/2: [Errno 60] Operation timed out
    ⚠ …1580916818  rpc retry 1/2: [Errno 60] Operation timed out
    ⚠ …0341053650  rpc retry 1/2: [Errno 60] Operation timed out
    ⚠ …0962697031  rpc retry 1/2: [Errno 60] Operation timed out
    ⚠ …2268609703  metadata retry 1/2: [Errno 60] Operation timed out
    ⚠ …9949478028  metadata retry 1/2: [Errno 60] Operation timed out
  ✓ …9995520650  in_sync
  ✓ …2672420812  in_sync
  ✓ …0298632842  in_sync
  ✓ …4659821424  in_sync
  ✓ …6343754884  in_sync
  ✓ …2268609703  in_sync
  ✓ …4601645133  in_sync
  ✓ …7556001820  in_sync
  ✓ …4879368717  in_sync
  ✓ …6772608817  in_sync
  ✓ …9817274119  in_sync
  ✓ …9019014140  in_sync
  ✓ …1231458811  in_sync
  ✓ …0341053650  in_sync
  ✓ …4400516801  in_sync
  ✓ …8648693230  in_sync
  ✓ …6569482565  in_sync
  ✓ …6646372166  in_sync
  ✓ …9949478028  in_sync
  ✓ …2427305558  in_sync
  ✓ …3573878574  in_sync
  ✓ …8553531490  in_sync
  ✓ …3265160311  in_sync
  ✓ …7214140917  in_sync
  ✓ …8497313950  in_sync
  ✓ …8788252624  in_sync
  ✓ …1824571941  in_sync
  ✓ …9786663110  in_sync
  ✓ …0982459535  in_sync
  ✓ …0935183674  in_sync
  ✓ …2959380437  in_sync
  ✓ …6171116447  in_sync
  ✓ …7528124550  in_sync
  ✓ …2219666847  in_sync
  ✓ …5850251879  in_sync
  ✓ …1580916818  in_sync
  ✓ …5260941891  in_sync
  ✓ …8984985517  in_sync
  ✓ …1606440209  in_sync
  ✓ …9759563602  in_sync
  ✓ …0780983059  in_sync
  ✓ …2908256737  in_sync
  ✓ …2832136263  in_sync
  ✓ …3081221707  in_sync
  ✓ …9143724011  in_sync
  ✓ …9799478317  in_sync
  ✓ …8071858668  in_sync
  ✓ …0962697031  in_sync
  ✓ …1363400956  in_sync
  ✓ …3843761396  in_sync
  · Batch done — 900/2098 tokens
  ⚠ Rotated to refresh2 (Cloudflare challenge)
  ⚠ Rotated to refresh3 (Cloudflare challenge)
  ⚠ Rotated to refresh4 (Cloudflare challenge)
  ⚠ Rotated to refresh5 (Cloudflare challenge)
  ⚠ Rotated to refresh6 (Cloudflare challenge)
    ⚠ …5759531061  bscscan retry 1/2: Remote end closed connection without response
    ⚠ …9717976677  rpc retry 1/2: [Errno 60] Operation timed out
    ⚠ …8530054509  metadata retry 1/2: [Errno 60] Operation timed out
    ⚠ …0956180181  rpc retry 1/2: [Errno 60] Operation timed out
    ⚠ …9606853914  metadata retry 1/2: [Errno 60] Operation timed out
  ✓ …9606853914  in_sync
  ✓ …6014093296  in_sync
  ✓ …6100009784  in_sync
  ✓ …9402776407  in_sync
  ✓ …3212875334  in_sync
  ✓ …5466641388  in_sync
  ✓ …8222615425  in_sync
  ✓ …5085693548  in_sync
  ✓ …0660123560  in_sync
  ✓ …0686023446  in_sync
  ✓ …5373893169  in_sync
  ✓ …0214386970  in_sync
  ✓ …7389753712  in_sync
  ✓ …5759531061  in_sync
  ✓ …8758658945  in_sync
  ✓ …7147372584  in_sync
  ✓ …6063142607  in_sync
  ✓ …5068260462  in_sync
  ✓ …4259745165  in_sync
  ✓ …6540315718  in_sync
  ✓ …2102789825  in_sync
  ✓ …7383829698  in_sync
  ✓ …3065746459  in_sync
  ✓ …0547866861  in_sync
  ✓ …9418529961  in_sync
  ✓ …7626408355  in_sync
  ✓ …2005791435  in_sync
  ✓ …0389666785  in_sync
  ✓ …1057471057  in_sync
  ✓ …0956180181  in_sync
  ✓ …8530054509  in_sync
  ✓ …9438914931  in_sync
  ✓ …9534542904  in_sync
  ✓ …0486515079  in_sync
  ✓ …0903870868  in_sync
  ✓ …2276733538  in_sync
  ✓ …6105307737  in_sync
  ✓ …7163759106  in_sync
  ✓ …1929772686  in_sync
  ✓ …5988878449  in_sync
  ✓ …8972127005  in_sync
  ✓ …1996614436  in_sync
  ✓ …8769994464  in_sync
  ✓ …9104509794  in_sync
  ✓ …8919332287  in_sync
  ✓ …4238634878  in_sync
  ✓ …1866210902  in_sync
  ✓ …6909355063  in_sync
  ✓ …9717976677  in_sync
  ✓ …8410868748  in_sync
  · Batch done — 950/2098 tokens
    ⚠ …0655001979  rpc retry 1/2: [Errno 60] Operation timed out
    ⚠ …4168292085  metadata retry 1/2: [Errno 60] Operation timed out
    ⚠ …2702929516  metadata retry 1/2: _ssl.c:1112: The handshake operation timed out
  ✓ …9552316236  in_sync
  ✓ …8545481851  in_sync
  ✓ …4182717271  in_sync
  ✓ …7498587627  in_sync
  ✓ …6151578830  in_sync
  ✓ …6803783524  in_sync
  ✓ …8316673914  in_sync
  ✓ …2709257610  in_sync
  ✓ …5009152048  in_sync
  ✓ …8864188123  in_sync
  ✓ …5915932767  in_sync
  ✓ …4168292085  in_sync
  ✓ …2833676890  in_sync
  ✓ …2702929516  in_sync
  ✓ …2952709192  in_sync
  ✓ …4046303996  in_sync
  ✓ …4482446958  in_sync
  ✓ …6251489743  in_sync
  ✓ …4126507268  in_sync
  ✓ …9133192069  in_sync
  ✓ …2268100496  in_sync
  ✓ …4210027239  in_sync
  ✓ …3626190500  in_sync
  ✓ …4768281688  in_sync
  ✓ …6091915551  in_sync
  ✓ …5478205149  in_sync
  ✓ …0741321957  in_sync
  ⚠ …2291068734  out_of_sync (5 diffs)
  ⚠ …3095315992  out_of_sync (5 diffs)
  ✓ …0721195646  in_sync
  ✓ …8987033533  in_sync
  ✓ …5731037240  in_sync
  ✓ …7361196604  in_sync
  ✓ …3471398015  in_sync
  ✓ …1051528717  in_sync
  ✓ …0655001979  in_sync
  ✓ …7097099510  in_sync
  ✓ …3477204143  in_sync
  ✓ …0208020573  in_sync
  ✓ …0401085549  in_sync
  ✓ …4011335202  in_sync
  ✓ …4199132057  in_sync
  ✓ …5080543577  in_sync
  ✓ …7457009590  in_sync
  ✓ …7043557644  in_sync
  ✓ …6234666979  in_sync
  ✓ …4056175095  in_sync
  ✓ …8019786878  in_sync
  ✓ …4546263069  in_sync
  ✓ …6384196305  in_sync
  · Batch done — 1000/2098 tokens
    ⚠ …0175561569  bscscan retry 1/2: Remote end closed connection without response
    ⚠ …3073437593  metadata retry 1/2: [Errno 60] Operation timed out
    ⚠ …1972525963  metadata retry 1/2: [Errno 60] Operation timed out
  ✓ …0103491407  in_sync
  ✓ …8679950810  in_sync
  ✓ …3073437593  in_sync
  ✓ …5511770815  in_sync
  ✓ …8165995721  in_sync
  ✓ …7974695406  in_sync
  ✓ …2945732134  in_sync
  ✓ …3812466676  in_sync
  ✓ …2216079637  in_sync
  ✓ …1628889329  in_sync
  ✓ …6343674544  in_sync
  ✓ …0880949330  in_sync
  ✓ …1839842000  in_sync
  ✓ …2450245858  in_sync
  ✓ …8287026427  in_sync
  ✓ …1623573415  in_sync
  ✓ …7874666396  in_sync
  ✓ …8749102806  in_sync
  ✓ …3637990480  in_sync
  ✓ …3010922029  in_sync
  ✓ …5301607779  in_sync
  ✓ …5528228715  in_sync
  ✓ …7438348572  in_sync
  ✓ …9204510105  in_sync
  ✓ …8711074380  in_sync
  ✓ …1973393747  in_sync
  ✓ …4718741069  in_sync
  ✓ …1972525963  in_sync
  ✓ …7114865308  in_sync
  ✓ …8644542531  in_sync
  ✓ …6086166437  in_sync
  ✓ …6058538163  in_sync
  ✓ …5554859273  in_sync
  ✓ …1318539229  in_sync
  ⚠ …2708020831  out_of_sync (5 diffs)
  ✓ …6773518531  in_sync
  ✓ …7222969055  in_sync
  ✓ …7748696037  in_sync
  ✓ …0879380378  in_sync
  ✓ …5695165825  in_sync
  ✓ …0175561569  in_sync
  ✓ …6716159628  in_sync
  ✓ …2980471887  in_sync
  ✓ …1813169414  in_sync
  ✓ …4115018069  in_sync
  ✓ …2523851747  in_sync
  ✓ …3311883935  in_sync
  ✓ …3217737962  in_sync
  ✓ …5683784574  in_sync
  ✓ …8640218787  in_sync
  · Batch done — 1050/2098 tokens
    ⚠ …4474497588  bscscan retry 1/2: Remote end closed connection without response
    ⚠ …3106113789  rpc retry 1/2: [Errno 60] Operation timed out
    ⚠ …3896365348  metadata retry 1/2: [Errno 60] Operation timed out
    ⚠ …4541508664  bscscan retry 1/2: The read operation timed out
    ⚠ …8570333301  metadata retry 1/2: The read operation timed out
    ⚠ …8570333301  metadata retry 2/2: [Errno 60] Operation timed out
  ✓ …6010518832  in_sync
  ✓ …4840270438  in_sync
  ✓ …2225183442  in_sync
  ✓ …2222612011  in_sync
  ✓ …4250342378  in_sync
  ✓ …5332603375  in_sync
  ✓ …8250065636  in_sync
  ✓ …0961896960  in_sync
  ✓ …9707865346  in_sync
  ✓ …7284696814  in_sync
  ✓ …2103923613  in_sync
  ✓ …7597546260  in_sync
  ✓ …6964088499  in_sync
  ✓ …7908303019  in_sync
  ✓ …1512827832  in_sync
  ⚠ …8422382886  out_of_sync (6 diffs)
  ✓ …8923610112  in_sync
  ⚠ …2147944193  out_of_sync (6 diffs)
  ✓ …8163941043  in_sync
  ✓ …2033767285  in_sync
  ⚠ …2623753854  out_of_sync (6 diffs)
  ✓ …4783227824  in_sync
  ✓ …7693023127  in_sync
  ✓ …1925571616  in_sync
  ⚠ …3819733237  out_of_sync (6 diffs)
  ✓ …3106113789  in_sync
  ✓ …4474497588  in_sync
  ✓ …8570333301  in_sync
  ✓ …3311388813  in_sync
  ✓ …1784204556  in_sync
  ✓ …3896365348  in_sync
  ✓ …7360514942  in_sync
  ✓ …7893142032  in_sync
  ✓ …4541508664  in_sync
  ✓ …2347266092  in_sync
  ✓ …5503300956  in_sync
  ✓ …8273994107  in_sync
  ✓ …0607198351  in_sync
  ✓ …6816370397  in_sync
  ✓ …3260694435  in_sync
  ✓ …6469669117  in_sync
  ✓ …4809132197  in_sync
  ✓ …4790723975  in_sync
  ✓ …1823492290  in_sync
  ✓ …6150255360  in_sync
  ✓ …4748689058  in_sync
  ✓ …4537934226  in_sync
  ✓ …9282163277  in_sync
  ✓ …3865078397  in_sync
  ✓ …5982169565  in_sync
  · Batch done — 1100/2098 tokens
    ⚠ …3495346396  bscscan retry 1/2: Remote end closed connection without response
    ⚠ …5168088507  metadata retry 1/2: [Errno 60] Operation timed out
    ⚠ …0168121318  metadata retry 1/2: [Errno 60] Operation timed out
  ✓ …2780771230  in_sync
  ✓ …7651927987  in_sync
  ✓ …0428104779  in_sync
  ✓ …1565145563  in_sync
  ✓ …7969260636  in_sync
  ✓ …3495346396  in_sync
  ✓ …0302368890  in_sync
  ✓ …9078801934  in_sync
  ✓ …0275728026  in_sync
  ✓ …5519917680  in_sync
  ✓ …2336471327  in_sync
  ✓ …3838198215  in_sync
  ✓ …3597774199  in_sync
  ✓ …3529643034  in_sync
  ✓ …2663133855  in_sync
  ✓ …1989080574  in_sync
  ✓ …1357884792  in_sync
  ⚠ …6018605454  out_of_sync (5 diffs)
  ✓ …9417651210  in_sync
  ✓ …4324945582  in_sync
  ✓ …0168121318  in_sync
  ✓ …0867481152  in_sync
  ✓ …4995162339  in_sync
  ✓ …5293638990  in_sync
  ✓ …2704648753  in_sync
  ✓ …4506777836  in_sync
  ✓ …9033577203  in_sync
  ✓ …8645614190  in_sync
  ✓ …7752784934  in_sync
  ✓ …2377891525  in_sync
  ✓ …9782514118  in_sync
  ✓ …3210313562  in_sync
  ✓ …1283268945  in_sync
  ✓ …5168088507  in_sync
  ✓ …2293294445  in_sync
  ⚠ …4131928298  out_of_sync (5 diffs)
  ✓ …1649133684  in_sync
  ✓ …3045226724  in_sync
  ✓ …6524707161  in_sync
  ✓ …6478071931  in_sync
  ✓ …6808812079  in_sync
  ✓ …1025530431  in_sync
  ✓ …1734346225  in_sync
  ✓ …6908843265  in_sync
  ✓ …8849257827  in_sync
  ✓ …3934004788  in_sync
  ✓ …9396266348  in_sync
  ✓ …1332173127  in_sync
  ✓ …5381383938  in_sync
  ✓ …2910911343  in_sync
  · Batch done — 1150/2098 tokens
    ⚠ …7717381532  metadata retry 1/2: [Errno 60] Operation timed out
  ✓ …5760813708  in_sync
  ✓ …9647594178  in_sync
  ✓ …3216652965  in_sync
  ✓ …6279027831  in_sync
  ✓ …2648238513  in_sync
  ✓ …7070084543  in_sync
  ⚠ …6708689006  out_of_sync (5 diffs)
  ✓ …0453254087  in_sync
  ✓ …4413637832  in_sync
  ✓ …5829841705  in_sync
  ✓ …0078563787  in_sync
  ✓ …0907193025  in_sync
  ✓ …1215891923  in_sync
  ✓ …4812107373  in_sync
  ✓ …0611798827  in_sync
  ✓ …7850260084  in_sync
  ⚠ …2206572070  out_of_sync (4 diffs)
  ✓ …7658105461  in_sync
  ✓ …4650748901  in_sync
  ✓ …6871714935  in_sync
  ✓ …0934200310  in_sync
  ✓ …4095055110  in_sync
  ✓ …5161813179  in_sync
  ✓ …2617083329  in_sync
  ✓ …4800397414  in_sync
  ⚠ …0583588971  out_of_sync (4 diffs)
  ✓ …4388369324  in_sync
  ✓ …5087037181  in_sync
  ✓ …7317663441  in_sync
  ✓ …9431141002  in_sync
  ✓ …3539221639  in_sync
  ✓ …1045387465  in_sync
  ✓ …4513923562  in_sync
  ✓ …7322817956  in_sync
  ✓ …9371754639  in_sync
  ✓ …9877134267  in_sync
  ✓ …7717381532  in_sync
  ✓ …9338258985  in_sync
  ✓ …1509594943  in_sync
  ✓ …0788236102  in_sync
  ⚠ …7983157705  out_of_sync (3 diffs)
  ✓ …2024002648  in_sync
  ✓ …2340587996  in_sync
  ✓ …1312796247  in_sync
  ✓ …8079354473  in_sync
  ✓ …3052890096  in_sync
  ✓ …4849317817  in_sync
  ✓ …1644507687  in_sync
  ✓ …0287871208  in_sync
  ✓ …2990073616  in_sync
  · Batch done — 1200/2098 tokens
    ⚠ …4110023452  rpc retry 1/2: [Errno 60] Operation timed out
  ✓ …2554719477  in_sync
  ✓ …2541290386  in_sync
  ✓ …1419394897  in_sync
  ✓ …9325945686  in_sync
  ✓ …2197293117  in_sync
  ✓ …3080650322  in_sync
  ✓ …7342012392  in_sync
  ✓ …2230148294  in_sync
  ✓ …1782637736  in_sync
  ✓ …7226046718  in_sync
  ✓ …0229579211  in_sync
  ✓ …6171113993  in_sync
  ✓ …8967209710  in_sync
  ✓ …4837885445  in_sync
  ✓ …3539628616  in_sync
  ⚠ …7071611934  out_of_sync (5 diffs)
  ✓ …5570917337  in_sync
  ✓ …9059424998  in_sync
  ✓ …4894417867  in_sync
  ✓ …8591167559  in_sync
  ✓ …4878888218  in_sync
  ✓ …9722852179  in_sync
  ✓ …3055073860  in_sync
  ✓ …4352770289  in_sync
  ✓ …0209711072  in_sync
  ✓ …4110023452  in_sync
  ✓ …9826295406  in_sync
  ✓ …5396806391  in_sync
  ✓ …7309593036  in_sync
  ✓ …7882679869  in_sync
  ✓ …2064549256  in_sync
  ✓ …2667716687  in_sync
  ✓ …5635093023  in_sync
  ✓ …5062110994  in_sync
  ✓ …8038100830  in_sync
  ✓ …8038213469  in_sync
  ✓ …9178010291  in_sync
  ✓ …7498824003  in_sync
  ✓ …9710090841  in_sync
  ✓ …8275228049  in_sync
  ✓ …0405585477  in_sync
  ✓ …4128982584  in_sync
  ✓ …2517488429  in_sync
  ✓ …8454008295  in_sync
  ✓ …4612097232  in_sync
  ✓ …6060425936  in_sync
  ✓ …6668229388  in_sync
  ✓ …2923877498  in_sync
  ✓ …6018965964  in_sync
  ✓ …9980488502  in_sync
  · Batch done — 1250/2098 tokens
    ⚠ …2819864613  bscscan retry 1/2: Remote end closed connection without response
    ⚠ …0463950472  metadata retry 1/2: [Errno 60] Operation timed out
    ⚠ …8706779548  rpc retry 1/2: [Errno 60] Operation timed out
    ⚠ …1873533130  bscscan retry 1/2: The read operation timed out
  ✓ …4581450605  in_sync
  ⚠ …9867501263  out_of_sync (6 diffs)
  ✓ …2819848198  in_sync
  ✓ …0330905552  in_sync
  ✓ …7623178153  in_sync
  ✓ …7777408416  in_sync
  ✓ …8433573878  in_sync
  ✓ …3293260030  in_sync
  ✓ …7503405097  in_sync
  ✓ …0582241667  in_sync
  ✓ …2310805391  in_sync
  ✓ …4981477284  in_sync
  ✓ …1202882670  in_sync
  ✓ …3962382222  in_sync
  ✓ …1873533130  in_sync
  ✓ …2537109544  in_sync
  ✓ …9657192359  in_sync
  ✓ …8326521736  in_sync
  ✓ …4514636408  in_sync
  ✓ …8472714444  in_sync
  ✓ …8986387970  in_sync
  ✓ …1009509357  in_sync
  ✓ …5056822996  in_sync
  ✓ …0463950472  in_sync
  ✓ …5007013955  in_sync
  ✓ …0600201076  in_sync
  ✓ …5371472517  in_sync
  ✓ …5076586467  in_sync
  ✓ …8968562133  in_sync
  ✓ …0206164947  in_sync
  ✓ …2819864613  in_sync
  ✓ …0161033792  in_sync
  ✓ …2755279075  in_sync
  ⚠ …5040625707  out_of_sync (5 diffs)
  ✓ …6428785949  in_sync
  ✓ …8706779548  in_sync
  ✓ …4743299307  in_sync
  ✓ …5315878793  in_sync
  ✓ …4820931955  in_sync
  ✓ …6571144507  in_sync
  ✓ …9292791550  in_sync
  ✓ …8220402335  in_sync
  ✓ …5130128030  in_sync
  ✓ …4390419385  in_sync
  ✓ …6750051860  in_sync
  ✓ …0743262847  in_sync
  ✓ …5775333553  in_sync
  ✓ …1177858111  in_sync
  ✓ …8003006872  in_sync
  ✓ …3474008947  in_sync
  · Batch done — 1300/2098 tokens
    ⚠ …7375570680  rpc retry 1/2: [Errno 60] Operation timed out
    ⚠ …4055946323  metadata retry 1/2: [Errno 60] Operation timed out
    ⚠ …2233867534  bscscan retry 1/2: The read operation timed out
  ✓ …7375570680  in_sync
  ✓ …4125858598  in_sync
  ✓ …7508968044  in_sync
  ✓ …5407396927  in_sync
  ✓ …2233867534  in_sync
  ✓ …8614076100  in_sync
  ✓ …5890349000  in_sync
  ✓ …0592428458  in_sync
  ✓ …9331170749  in_sync
  ✓ …6417708896  in_sync
  ✓ …9342560908  in_sync
  ✓ …8318067572  in_sync
  ✓ …2418144404  in_sync
  ✓ …2289801782  in_sync
  ✓ …6015688552  in_sync
  ✓ …1772561749  in_sync
  ✓ …6130484209  in_sync
  ✓ …0302363356  in_sync
  ✓ …9425765427  in_sync
  ✓ …0925968593  in_sync
  ✓ …0164569195  in_sync
  ✓ …2210271783  in_sync
  ✓ …2612052403  in_sync
  ✓ …1615908363  in_sync
  ✓ …2019301251  in_sync
  ✓ …1479383614  in_sync
  ✓ …9097736592  in_sync
  ✓ …7747747211  in_sync
  ✓ …5772312614  in_sync
  ✓ …6075827986  in_sync
  ✓ …4930667428  in_sync
  ✓ …2588446019  in_sync
  ✓ …0911655972  in_sync
  ✓ …2042487993  in_sync
  ✓ …8614187332  in_sync
  ⚠ …2946241610  out_of_sync (5 diffs)
  ✓ …2620340984  in_sync
  ✓ …0216487541  in_sync
  ✓ …4228908480  in_sync
  ✓ …7804358756  in_sync
  ✓ …9381754072  in_sync
  ✓ …4055946323  in_sync
  ⚠ …8994498420  out_of_sync (4 diffs)
  ✓ …3592647273  in_sync
  ✓ …1359884772  in_sync
  ⚠ …2781265875  out_of_sync (5 diffs)
  ✓ …1507057086  in_sync
  ✓ …7985786915  in_sync
  ✓ …0021992153  in_sync
  ✓ …3303327847  in_sync
  · Batch done — 1350/2098 tokens
    ⚠ …2955232986  metadata retry 1/2: [Errno 60] Operation timed out
  ✓ …4694148314  in_sync
  ✓ …7204952666  in_sync
  ✓ …5153737617  in_sync
  ✓ …3939464570  in_sync
  ✓ …1654409864  in_sync
  ✓ …1733670773  in_sync
  ✓ …6170125096  in_sync
  ✓ …7030231115  in_sync
  ✓ …2163851954  in_sync
  ✓ …5476207001  in_sync
  ✓ …1881712976  in_sync
  ✓ …6081755074  in_sync
  ⚠ …2434791393  out_of_sync (5 diffs)
  ✓ …9945934046  in_sync
  ✓ …7317441204  in_sync
  ✓ …2592392789  in_sync
  ✓ …6149045289  in_sync
  ✓ …5767286299  in_sync
  ✓ …8805349535  in_sync
  ✓ …3350777233  in_sync
  ✓ …4049455027  in_sync
  ✓ …7548362074  in_sync
  ✓ …9661660337  in_sync
  ✓ …4431283055  in_sync
  ✓ …5417908305  in_sync
  ✓ …2231943782  in_sync
  ✓ …4991994000  in_sync
  ✓ …8850152286  in_sync
  ✓ …3214697657  in_sync
  ✓ …7736921403  in_sync
  ✓ …0821784488  in_sync
  ✓ …1487178159  in_sync
  ✓ …0894624825  in_sync
  ✓ …4236319840  in_sync
  ✓ …6829262902  in_sync
  ✓ …3689534283  in_sync
  ✓ …2586783796  in_sync
  ✓ …6105193419  in_sync
  ✓ …8785993952  in_sync
  ✓ …1432838642  in_sync
  ✓ …1961010184  in_sync
  ✓ …4970680617  in_sync
  ✓ …6313331724  in_sync
  ✓ …5903436127  in_sync
  ✓ …4783193307  in_sync
  ✓ …2955232986  in_sync
  ✓ …5058560480  in_sync
  ⚠ …9698258279  out_of_sync (4 diffs)
  ✓ …5923390521  in_sync
  ✓ …0009523632  in_sync
  · Batch done — 1400/2098 tokens
    ⚠ …8489703944  rpc retry 1/2: [Errno 60] Operation timed out
    ⚠ …7839723740  metadata retry 1/2: [Errno 60] Operation timed out
    ⚠ …0265959091  metadata retry 1/2: [Errno 60] Operation timed out
    ⚠ …9723328046  metadata retry 1/2: [Errno 60] Operation timed out
    ⚠ …0080217284  metadata retry 1/2: [Errno 60] Operation timed out
  ✓ …2084499167  in_sync
  ✓ …8035143646  in_sync
  ✓ …3144529273  in_sync
  ✓ …5847911096  in_sync
  ✓ …7839723740  in_sync
  ⚠ …3248556211  out_of_sync (4 diffs)
  ✓ …0219501254  in_sync
  ✓ …8724759331  in_sync
  ✓ …0265959091  in_sync
  ✓ …5981108965  in_sync
  ✓ …6152093501  in_sync
  ✓ …5298754758  in_sync
  ✓ …2785637402  in_sync
  ✓ …3240361747  in_sync
  ✓ …3285906496  in_sync
  ⚠ …8855871190  out_of_sync (4 diffs)
  ⚠ …9100812735  out_of_sync (5 diffs)
  ✓ …8748518713  in_sync
  ✓ …9566921899  in_sync
  ✓ …4748546591  in_sync
  ✓ …9723328046  in_sync
  ✓ …4267834868  in_sync
  ✓ …8495029745  in_sync
  ⚠ …8392708154  out_of_sync (4 diffs)
  ⚠ …9943131820  out_of_sync (6 diffs)
  ✓ …2654858193  in_sync
  ✓ …2274504526  in_sync
  ✓ …6363742020  in_sync
  ✓ …9757554993  in_sync
  ✓ …8489703944  in_sync
  ✓ …4390168501  in_sync
  ✓ …9868234355  in_sync
  ✓ …8786588402  in_sync
  ⚠ …8160458039  out_of_sync (6 diffs)
  ⚠ …6353140787  out_of_sync (6 diffs)
  ✓ …5120044087  in_sync
  ✓ …9008667979  in_sync
  ✓ …8320937476  in_sync
  ⚠ …1278654386  out_of_sync (6 diffs)
  ✓ …0379864494  in_sync
  ✓ …9543143439  in_sync
  ✓ …5516520837  in_sync
  ✓ …8534338287  in_sync
  ✓ …3537467173  in_sync
  ✓ …3865546419  in_sync
  ✓ …0204554246  in_sync
  ✓ …8860559795  in_sync
  ✓ …0681929141  in_sync
  ✓ …8601708607  in_sync
  ✓ …0080217284  in_sync
  · Batch done — 1450/2098 tokens
    ⚠ …5558493875  bscscan retry 1/2: Remote end closed connection without response
    ⚠ …8126665739  metadata retry 1/2: [Errno 60] Operation timed out
    ⚠ …3602174813  metadata retry 1/2: [Errno 60] Operation timed out
    ⚠ …7515448041  bscscan retry 1/2: The read operation timed out
  ✓ …7515448041  in_sync
  ✓ …3235027612  in_sync
  ✓ …4238997874  in_sync
  ✓ …5906019872  in_sync
  ✓ …1625507367  in_sync
  ✓ …6200614279  in_sync
  ✓ …7770715701  in_sync
  ✓ …3332368131  in_sync
  ✓ …9578832718  in_sync
  ✓ …1879861858  in_sync
  ✓ …9884482871  in_sync
  ✓ …9905726726  in_sync
  ✓ …8027601949  in_sync
  ✓ …3915880128  in_sync
  ✓ …6958892096  in_sync
  ✓ …1773531197  in_sync
  ✓ …2524405046  in_sync
  ✓ …0260920737  in_sync
  ✓ …7901771762  in_sync
  ✓ …6874325940  in_sync
  ✓ …7364432737  in_sync
  ✓ …7332172929  in_sync
  ✓ …6112197262  in_sync
  ✓ …8126665739  in_sync
  ⚠ …4374893830  out_of_sync (4 diffs)
  ✓ …6770560987  in_sync
  ✓ …8661613461  in_sync
  ✓ …5558493875  in_sync
  ✓ …9417768535  in_sync
  ✓ …6524466566  in_sync
  ✓ …3564683903  in_sync
  ✓ …8374925789  in_sync
  ✓ …6771537865  in_sync
  ✓ …1716235032  in_sync
  ✓ …8667180559  in_sync
  ✓ …3171180222  in_sync
  ✓ …9941682769  in_sync
  ✓ …6337679183  in_sync
  ✓ …0830506539  in_sync
  ✓ …0906421727  in_sync
  ✓ …2736357386  in_sync
  ✓ …3602174813  in_sync
  ⚠ …4241739957  out_of_sync (5 diffs)
  ✓ …5249358909  in_sync
  ✓ …0675290732  in_sync
  ✓ …8569782857  in_sync
  ✓ …3015585891  in_sync
  ✓ …7836418820  in_sync
  ✓ …2837180180  in_sync
  ✓ …8569456186  in_sync
  · Batch done — 1500/2098 tokens
    ⚠ …7295441068  metadata retry 1/2: [Errno 60] Operation timed out
    ⚠ …4980227527  metadata retry 1/2: [Errno 60] Operation timed out
    ⚠ …7419493322  rpc retry 1/2: [Errno 60] Operation timed out
    ⚠ …7558144146  rpc retry 1/2: [Errno 60] Operation timed out
    ⚠ …7328992542  bscscan retry 1/2: The read operation timed out
    ⚠ …2860011794  metadata retry 1/2: [Errno 60] Operation timed out
  ✓ …2300369239  in_sync
  ✓ …3763042294  in_sync
  ⚠ …5169110747  out_of_sync (4 diffs)
  ⚠ …7295441068  out_of_sync (5 diffs)
  ✓ …6924220677  in_sync
  ✓ …3423215263  in_sync
  ✓ …3007636798  in_sync
  ✓ …2239029385  in_sync
  ✓ …4980227527  in_sync
  ✓ …5956749779  in_sync
  ✓ …0913759359  in_sync
  ✓ …7558144146  in_sync
  ✓ …1453994272  in_sync
  ✓ …0868177894  in_sync
  ✓ …8292873155  in_sync
  ✓ …7419493322  in_sync
  ✓ …2085687526  in_sync
  ✓ …9421586516  in_sync
  ✓ …3370471097  in_sync
  ✓ …5678061915  in_sync
  ✓ …8948621302  in_sync
  ✓ …8420169104  in_sync
  ⚠ …7895541921  out_of_sync (5 diffs)
  ✓ …8222230251  in_sync
  ✓ …4574242290  in_sync
  ✓ …5974998871  in_sync
  ✓ …0256902651  in_sync
  ✓ …0843474730  in_sync
  ✓ …7088376749  in_sync
  ✓ …1026354105  in_sync
  ✓ …4522520741  in_sync
  ✓ …1970962510  in_sync
  ✓ …2860011794  in_sync
  ✓ …7328992542  in_sync
  ✓ …5638058333  in_sync
  ✓ …7892234166  in_sync
  ✓ …9838230644  in_sync
  ✓ …6643525089  in_sync
  ✓ …3548167768  in_sync
  ✓ …5459129015  in_sync
  ✓ …5633301948  in_sync
  ⚠ …1053432946  out_of_sync (5 diffs)
  ✓ …2418823135  in_sync
  ✓ …6611356413  in_sync
  ✓ …5011335017  in_sync
  ✓ …3047139758  in_sync
  ✓ …1178607666  in_sync
  ✓ …3161255221  in_sync
  ✓ …7891403829  in_sync
  ✓ …7356349530  in_sync
  · Batch done — 1550/2098 tokens
    ⚠ …7290273590  rpc retry 1/2: [Errno 60] Operation timed out
    ⚠ …0364257520  bscscan retry 1/2: The read operation timed out
    ⚠ …0364257520  rpc retry 1/2: The read operation timed out
  ✓ …1541211216  in_sync
  ✓ …1602355146  in_sync
  ✓ …6531128920  in_sync
  ✓ …4362969271  in_sync
  ✓ …8470669063  in_sync
  ✓ …3171834859  in_sync
  ✓ …7478096420  in_sync
  ✓ …9157261332  in_sync
  ✓ …5934947360  in_sync
  ✓ …8958123652  in_sync
  ✓ …6759632748  in_sync
  ✓ …9508579403  in_sync
  ✓ …0481679166  in_sync
  ✓ …4526918869  in_sync
  ✓ …1340489115  in_sync
  ✓ …4157964615  in_sync
  ✓ …8084945818  in_sync
  ✓ …2136711020  in_sync
  ✓ …0867591552  in_sync
  ✓ …2366474474  in_sync
  ✓ …8691931203  in_sync
  ✓ …3150657546  in_sync
  ✓ …1248403782  in_sync
  ✓ …0765380292  in_sync
  ✓ …8782351041  in_sync
  ✓ …2223106999  in_sync
  ✓ …4395463678  in_sync
  ✗ …4873945328  rpc: tokenURI revert: execution reverted: RenaissRegistry
  ✓ …9523370947  in_sync
  ✓ …8553723494  in_sync
  ✓ …9290797886  in_sync
  ✓ …0324040493  in_sync
  ✓ …7769322439  in_sync
  ✓ …1249628458  in_sync
  ✓ …8923153196  in_sync
  ✓ …3182092917  in_sync
  ✓ …5269844411  in_sync
  ✓ …1659525704  in_sync
  ✓ …1533225548  in_sync
  ✓ …0364257520  in_sync
  ✓ …5164573187  in_sync
  ✓ …9962261726  in_sync
  ✓ …7290273590  in_sync
  ✓ …1575845496  in_sync
  ✓ …9172599532  in_sync
  ⚠ …9980284797  out_of_sync (5 diffs)
  ✓ …0014963035  in_sync
  ✓ …9696414503  in_sync
  ✓ …0582134815  in_sync
  ⚠ …3788700444  out_of_sync (4 diffs)
  · Batch done — 1600/2098 tokens
    ⚠ …2047980857  bscscan retry 1/2: Remote end closed connection without response
    ⚠ …7600555234  metadata retry 1/2: [Errno 60] Operation timed out
    ⚠ …4530157732  rpc retry 1/2: [Errno 60] Operation timed out
    ⚠ …5361232549  metadata retry 1/2: [Errno 60] Operation timed out
    ⚠ …7929451783  bscscan retry 1/2: The read operation timed out
    ⚠ …4530157732  rpc retry 2/2: [Errno 60] Operation timed out
  ✓ …8139766142  in_sync
  ✓ …8078871627  in_sync
  ✓ …6921822129  in_sync
  ✓ …9178022072  in_sync
  ✓ …8268133272  in_sync
  ✓ …3914102815  in_sync
  ✓ …3376318429  in_sync
  ✓ …5361232549  in_sync
  ✓ …1089086589  in_sync
  ✓ …9777911287  in_sync
  ⚠ …6109931221  out_of_sync (6 diffs)
  ✓ …4430859747  in_sync
  ✓ …5793829924  in_sync
  ✓ …9861514215  in_sync
  ✓ …7600555234  in_sync
  ✓ …9697034981  in_sync
  ✓ …4287274541  in_sync
  ✓ …3417157423  in_sync
  ✓ …5208344328  in_sync
  ✓ …0107216103  in_sync
  ✓ …0344750909  in_sync
  ✓ …3746841048  in_sync
  ✓ …0911771417  in_sync
  ⚠ …8976788794  out_of_sync (6 diffs)
  ✓ …9824849072  in_sync
  ✓ …1285631463  in_sync
  ✓ …1947879410  in_sync
  ✓ …4303636082  in_sync
  ✓ …2047980857  in_sync
  ✓ …5883385101  in_sync
  ✓ …4530157732  in_sync
  ✓ …0573030769  in_sync
  ✓ …7365085721  in_sync
  ✓ …1334389297  in_sync
  ✓ …0561718327  in_sync
  ✓ …7929451783  in_sync
  ✓ …7584482655  in_sync
  ✓ …4183546505  in_sync
  ✓ …7530662843  in_sync
  ✓ …7103276214  in_sync
  ✓ …0027812201  in_sync
  ✓ …4074084301  in_sync
  ✓ …6173476555  in_sync
  ✓ …4917430354  in_sync
  ✓ …3422274891  in_sync
  ✓ …5736776618  in_sync
  ✓ …2396474708  in_sync
  ✓ …4745210726  in_sync
  ⚠ …1524863814  out_of_sync (4 diffs)
  ✓ …7154021179  in_sync
  · Batch done — 1650/2098 tokens
    ⚠ …1273183291  bscscan retry 1/2: Remote end closed connection without response
    ⚠ …4975127112  metadata retry 1/2: [Errno 60] Operation timed out
    ⚠ …1352476488  metadata retry 1/2: [Errno 60] Operation timed out
    ⚠ …9500198643  bscscan retry 1/2: The read operation timed out
  ✓ …6287579648  in_sync
  ✓ …5995819120  in_sync
  ✓ …1627419262  in_sync
  ✓ …4975127112  in_sync
  ✓ …1950870592  in_sync
  ✓ …4496482444  in_sync
  ✓ …5076283430  in_sync
  ✓ …9115354649  in_sync
  ✓ …9311239507  in_sync
  ✓ …6325487880  in_sync
  ✓ …2932720008  in_sync
  ✓ …1273183291  in_sync
  ⚠ …9500198643  out_of_sync (5 diffs)
  ✓ …7507365115  in_sync
  ✓ …8456357619  in_sync
  ✓ …1614126150  in_sync
  ✓ …1799521086  in_sync
  ✓ …1560795420  in_sync
  ✓ …4437262689  in_sync
  ✓ …3226592958  in_sync
  ✓ …8158189548  in_sync
  ✓ …0879761957  in_sync
  ✓ …4697519202  in_sync
  ✓ …2565760932  in_sync
  ✓ …6811530923  in_sync
  ✓ …3912637243  in_sync
  ✓ …5104794195  in_sync
  ✓ …8988068686  in_sync
  ✓ …1928788144  in_sync
  ✓ …8754266527  in_sync
  ✓ …4859677715  in_sync
  ✓ …5101796214  in_sync
  ✓ …1650981649  in_sync
  ✓ …8529122974  in_sync
  ✓ …8731563937  in_sync
  ✓ …5090603858  in_sync
  ✓ …1820966611  in_sync
  ✓ …0253365140  in_sync
  ✓ …6847601669  in_sync
  ✓ …0839911057  in_sync
  ✓ …6935613639  in_sync
  ✓ …7089708219  in_sync
  ✓ …1352476488  in_sync
  ✓ …2673175369  in_sync
  ✓ …8122756094  in_sync
  ✓ …0584598480  in_sync
  ✓ …4866363322  in_sync
  ✓ …6399653969  in_sync
  ✓ …1580626540  in_sync
  ✓ …1682121789  in_sync
  · Batch done — 1700/2098 tokens
    ⚠ …2355990896  metadata retry 1/2: [Errno 60] Operation timed out
    ⚠ …9837913877  metadata retry 1/2: [Errno 60] Operation timed out
    ⚠ …7482088458  metadata retry 1/2: [Errno 60] Operation timed out
    ⚠ …5539300162  metadata retry 1/2: The read operation timed out
  ✓ …1432804822  in_sync
  ✓ …0770884194  in_sync
  ✓ …5539300162  in_sync
  ✓ …3686130758  in_sync
  ✓ …5837838522  in_sync
  ⚠ …5031621982  out_of_sync (4 diffs)
  ✓ …2258100250  in_sync
  ✓ …6223312624  in_sync
  ✓ …6596817856  in_sync
  ✓ …2237884871  in_sync
  ⚠ …6799648417  out_of_sync (5 diffs)
  ✓ …8319405618  in_sync
  ✓ …6841182494  in_sync
  ✓ …0474097315  in_sync
  ✓ …9743089036  in_sync
  ✓ …8833829501  in_sync
  ✓ …4007816963  in_sync
  ✓ …6327189247  in_sync
  ✓ …6350255507  in_sync
  ✓ …4081019008  in_sync
  ✓ …6427356568  in_sync
  ✓ …0798539231  in_sync
  ✓ …0166046857  in_sync
  ✓ …6260385431  in_sync
  ✓ …4390355203  in_sync
  ✓ …9144639831  in_sync
  ✓ …2355990896  in_sync
  ✓ …8576660675  in_sync
  ✓ …5224300150  in_sync
  ✓ …6911297726  in_sync
  ✓ …9837913877  in_sync
  ✓ …1322150157  in_sync
  ✓ …8363184166  in_sync
  ✓ …2259853326  in_sync
  ⚠ …4602436932  out_of_sync (6 diffs)
  ⚠ …9445387155  out_of_sync (5 diffs)
  ⚠ …5714912822  out_of_sync (6 diffs)
  ✓ …9108754176  in_sync
  ✓ …2371443187  in_sync
  ⚠ …0076155787  out_of_sync (5 diffs)
  ✓ …9541691436  in_sync
  ✓ …2444955645  in_sync
  ⚠ …8577217220  out_of_sync (6 diffs)
  ✓ …5945572977  in_sync
  ✓ …5589566573  in_sync
  ✓ …5851628029  in_sync
  ✓ …7482088458  in_sync
  ⚠ …3986868337  out_of_sync (6 diffs)
  ⚠ …7801889632  out_of_sync (6 diffs)
  ✓ …6440107388  in_sync
  · Batch done — 1750/2098 tokens
    ⚠ …3236388922  metadata retry 1/2: [Errno 60] Operation timed out
    ⚠ …6976139823  rpc retry 1/2: [Errno 60] Operation timed out
    ⚠ …6311084497  metadata retry 1/2: [Errno 60] Operation timed out
    ⚠ …7823115716  bscscan retry 1/2: The read operation timed out
    ⚠ …2989675190  rpc retry 1/2: _ssl.c:1112: The handshake operation timed out
  ✓ …5474361026  in_sync
  ✓ …4250739330  in_sync
  ✓ …6311084497  in_sync
  ✓ …1448421360  in_sync
  ✓ …6695298108  in_sync
  ✓ …7293268562  in_sync
  ✓ …2368102226  in_sync
  ✓ …9578452043  in_sync
  ✓ …4647059387  in_sync
  ✓ …6976139823  in_sync
  ✓ …7610285576  in_sync
  ✓ …1882881242  in_sync
  ✓ …6991722724  in_sync
  ✓ …6485606504  in_sync
  ✓ …9087566625  in_sync
  ✓ …2705909134  in_sync
  ✓ …0894979540  in_sync
  ✓ …1786487203  in_sync
  ✓ …1433984613  in_sync
  ✓ …2344250836  in_sync
  ✓ …5060985936  in_sync
  ✓ …3245433351  in_sync
  ✓ …4581284882  in_sync
  ✓ …2906210673  in_sync
  ✓ …5304997978  in_sync
  ✓ …4404092152  in_sync
  ✓ …5604832150  in_sync
  ✓ …7578180365  in_sync
  ✓ …2791344528  in_sync
  ✓ …0572264912  in_sync
  ✓ …5919171035  in_sync
  ✓ …3236388922  in_sync
  ✓ …9540572780  in_sync
  ✓ …2989675190  in_sync
  ✓ …2833631644  in_sync
  ✓ …0172757059  in_sync
  ✓ …0444294869  in_sync
  ✓ …7823115716  in_sync
  ✓ …3115771388  in_sync
  ✓ …4472296322  in_sync
  ⚠ …7174806249  out_of_sync (6 diffs)
  ✓ …4192087568  in_sync
  ✓ …1760014881  in_sync
  ✓ …0735326745  in_sync
  ✓ …0124578272  in_sync
  ✓ …4079306141  in_sync
  ✓ …5490206401  in_sync
  ✓ …6291868684  in_sync
  ✓ …1185104890  in_sync
  ✓ …7589088874  in_sync
  · Batch done — 1800/2098 tokens
    ⚠ …8152119751  bscscan retry 1/2: Remote end closed connection without response
    ⚠ …0505741690  metadata retry 1/2: [Errno 60] Operation timed out
    ⚠ …7323635885  bscscan retry 1/2: The read operation timed out
    ⚠ …9183035079  metadata retry 1/2: [Errno 60] Operation timed out
    ⚠ …0505741690  metadata retry 2/2: [Errno 60] Operation timed out
  ✓ …7587770586  in_sync
  ✓ …8008044945  in_sync
  ✓ …7226475768  in_sync
  ✓ …5700642385  in_sync
  ✓ …7194905202  in_sync
  ✓ …7426803862  in_sync
  ✓ …7404584002  in_sync
  ✓ …2873170500  in_sync
  ✓ …0841372599  in_sync
  ✓ …9866121482  in_sync
  ✓ …5817527672  in_sync
  ✓ …9272864760  in_sync
  ⚠ …0227877903  out_of_sync (5 diffs)
  ✓ …4039098612  in_sync
  ⚠ …7323635885  out_of_sync (5 diffs)
  ⚠ …1734270774  out_of_sync (5 diffs)
  ⚠ …4723586590  out_of_sync (5 diffs)
  ⚠ …3770120842  out_of_sync (5 diffs)
  ⚠ …6879346193  out_of_sync (5 diffs)
  ⚠ …8711601399  out_of_sync (5 diffs)
  ✓ …5428276493  in_sync
  ⚠ …5098098532  out_of_sync (4 diffs)
  ⚠ …6015734603  out_of_sync (5 diffs)
  ⚠ …0270469695  out_of_sync (5 diffs)
  ⚠ …3507038698  out_of_sync (5 diffs)
  ⚠ …8152119751  out_of_sync (5 diffs)
  ⚠ …9289938140  out_of_sync (5 diffs)
  ⚠ …2827060642  out_of_sync (5 diffs)
  ⚠ …0505741690  out_of_sync (5 diffs)
  ⚠ …0622897917  out_of_sync (5 diffs)
  ⚠ …2126945761  out_of_sync (5 diffs)
  ⚠ …8765468110  out_of_sync (5 diffs)
  ⚠ …4638099242  out_of_sync (5 diffs)
  ⚠ …5288317014  out_of_sync (5 diffs)
  ✓ …2870655022  in_sync
  ✓ …6292347727  in_sync
  ✓ …9183035079  in_sync
  ✓ …2551705129  in_sync
  ✓ …5689995427  in_sync
  ✓ …4802785847  in_sync
  ✓ …6581010245  in_sync
  ✓ …3149489799  in_sync
  ✓ …2849828738  in_sync
  ✓ …9861909814  in_sync
  ✓ …6319815154  in_sync
  ✓ …9108508831  in_sync
  ✓ …2493800209  in_sync
  ✓ …7245298826  in_sync
  ✓ …2971425392  in_sync
  ✓ …3276643293  in_sync
  · Batch done — 1850/2098 tokens
    ⚠ …1165028496  rpc retry 1/2: [Errno 60] Operation timed out
    ⚠ …8655506601  bscscan retry 1/2: The read operation timed out
  ✓ …9345991537  in_sync
  ✓ …9856027792  in_sync
  ✓ …4206219304  in_sync
  ✓ …8003861768  in_sync
  ⚠ …5252079393  out_of_sync (5 diffs)
  ⚠ …3879771265  out_of_sync (5 diffs)
  ⚠ …8174093271  out_of_sync (5 diffs)
  ⚠ …6853204753  out_of_sync (5 diffs)
  ⚠ …7473633750  out_of_sync (5 diffs)
  ⚠ …3526787062  out_of_sync (5 diffs)
  ⚠ …5830116210  out_of_sync (5 diffs)
  ✓ …4246133548  in_sync
  ⚠ …4362773390  out_of_sync (5 diffs)
  ✓ …2455743524  in_sync
  ✓ …7606911162  in_sync
  ⚠ …1125523251  out_of_sync (5 diffs)
  ⚠ …5856323614  out_of_sync (5 diffs)
  ⚠ …6651225956  out_of_sync (5 diffs)
  ✓ …2790152521  in_sync
  ✓ …2283591054  in_sync
  ✓ …4124033585  in_sync
  ⚠ …0327598109  out_of_sync (5 diffs)
  ⚠ …2870287976  out_of_sync (5 diffs)
  ⚠ …8443884778  out_of_sync (5 diffs)
  ✓ …6504614930  in_sync
  ⚠ …7048831661  out_of_sync (5 diffs)
  ⚠ …9919144547  out_of_sync (5 diffs)
  ⚠ …0674032401  out_of_sync (5 diffs)
  ⚠ …4471801134  out_of_sync (5 diffs)
  ⚠ …3954928930  out_of_sync (5 diffs)
  ⚠ …3616877276  out_of_sync (5 diffs)
  ⚠ …5510255309  out_of_sync (5 diffs)
  ⚠ …6693371049  out_of_sync (5 diffs)
  ⚠ …3297709187  out_of_sync (4 diffs)
  ⚠ …8655506601  out_of_sync (5 diffs)
  ⚠ …5700368546  out_of_sync (5 diffs)
  ⚠ …8666315480  out_of_sync (5 diffs)
  ⚠ …1377743446  out_of_sync (5 diffs)
  ⚠ …0314294114  out_of_sync (5 diffs)
  ⚠ …1165028496  out_of_sync (5 diffs)
  ⚠ …0901443921  out_of_sync (5 diffs)
  ⚠ …4435809545  out_of_sync (5 diffs)
  ⚠ …9366520219  out_of_sync (5 diffs)
  ⚠ …0840075908  out_of_sync (5 diffs)
  ⚠ …7552516025  out_of_sync (5 diffs)
  ✓ …7159536120  in_sync
  ✓ …3754221412  in_sync
  ✓ …0444791336  in_sync
  ✓ …3152900768  in_sync
  ✓ …5951693640  in_sync
  · Batch done — 1900/2098 tokens
    ⚠ …6175211475  bscscan retry 1/2: Remote end closed connection without response
    ⚠ …2321192770  metadata retry 1/2: [Errno 60] Operation timed out
    ⚠ …6780763542  metadata retry 1/2: [Errno 60] Operation timed out
    ⚠ …2676311514  bscscan retry 1/2: The read operation timed out
  ✓ …1168112343  in_sync
  ✓ …6340857260  in_sync
  ✓ …6362105730  in_sync
  ✓ …1221534553  in_sync
  ✓ …1800297238  in_sync
  ✓ …7028523683  in_sync
  ✓ …1120140639  in_sync
  ✓ …6238852599  in_sync
  ✓ …4527248307  in_sync
  ✓ …8691926099  in_sync
  ✓ …2321192770  in_sync
  ✓ …9455860752  in_sync
  ✓ …2530657789  in_sync
  ✓ …5617376376  in_sync
  ✓ …2676311514  in_sync
  ✓ …7942078594  in_sync
  ⚠ …5950612871  out_of_sync (5 diffs)
  ⚠ …6780763542  out_of_sync (5 diffs)
  ⚠ …0017042568  out_of_sync (5 diffs)
  ⚠ …4540476531  out_of_sync (5 diffs)
  ⚠ …0861749688  out_of_sync (5 diffs)
  ⚠ …6213575152  out_of_sync (5 diffs)
  ⚠ …8908232968  out_of_sync (5 diffs)
  ⚠ …7161972044  out_of_sync (5 diffs)
  ⚠ …0326041829  out_of_sync (5 diffs)
  ⚠ …6175211475  out_of_sync (5 diffs)
  ⚠ …6619366069  out_of_sync (5 diffs)
  ⚠ …3584802489  out_of_sync (4 diffs)
  ⚠ …6167120812  out_of_sync (5 diffs)
  ⚠ …1824711277  out_of_sync (5 diffs)
  ⚠ …4471564113  out_of_sync (5 diffs)
  ⚠ …2631613049  out_of_sync (5 diffs)
  ⚠ …2826802583  out_of_sync (5 diffs)
  ⚠ …3183560603  out_of_sync (5 diffs)
  ⚠ …8064486542  out_of_sync (5 diffs)
  ⚠ …2915541109  out_of_sync (5 diffs)
  ✓ …8689342035  in_sync
  ✓ …5375908000  in_sync
  ✓ …9970049852  in_sync
  ✓ …9771754356  in_sync
  ✓ …4375435617  in_sync
  ✓ …0581254921  in_sync
  ✓ …0810994536  in_sync
  ✓ …9686097474  in_sync
  ✓ …8854302076  in_sync
  ✓ …2850719640  in_sync
  ✓ …6965589973  in_sync
  ✓ …5899685618  in_sync
  ✓ …4665516134  in_sync
  ✓ …8291438889  in_sync
  · Batch done — 1950/2098 tokens
    ⚠ …7370063452  bscscan retry 1/2: Remote end closed connection without response
    ⚠ …3376431588  rpc retry 1/2: [Errno 60] Operation timed out
    ⚠ …1630625479  metadata retry 1/2: [Errno 60] Operation timed out
    ⚠ …3294814642  rpc retry 1/2: [Errno 60] Operation timed out
  ✓ …0659915681  in_sync
  ✓ …7514683380  in_sync
  ✓ …4484129352  in_sync
  ⚠ …0840446658  out_of_sync (5 diffs)
  ✓ …3733142281  in_sync
  ✓ …5849175745  in_sync
  ⚠ …1630625479  out_of_sync (5 diffs)
  ⚠ …3640810203  out_of_sync (5 diffs)
  ⚠ …0616595263  out_of_sync (4 diffs)
  ⚠ …1785449827  out_of_sync (4 diffs)
  ⚠ …7370063452  out_of_sync (4 diffs)
  ⚠ …4970980842  out_of_sync (4 diffs)
  ⚠ …2164148078  out_of_sync (5 diffs)
  ⚠ …0746376962  out_of_sync (4 diffs)
  ⚠ …2051392504  out_of_sync (5 diffs)
  ✓ …1892821303  in_sync
  ⚠ …3420124735  out_of_sync (4 diffs)
  ⚠ …9910378612  out_of_sync (5 diffs)
  ⚠ …8742478000  out_of_sync (4 diffs)
  ⚠ …9016520335  out_of_sync (4 diffs)
  ⚠ …5442311385  out_of_sync (4 diffs)
  ⚠ …8880202524  out_of_sync (4 diffs)
  ⚠ …6052774152  out_of_sync (4 diffs)
  ⚠ …0042458007  out_of_sync (4 diffs)
  ⚠ …0416260296  out_of_sync (4 diffs)
  ⚠ …8517727074  out_of_sync (5 diffs)
  ✓ …7329652924  in_sync
  ✓ …0879687967  in_sync
  ✓ …2539380346  in_sync
  ✓ …3581174033  in_sync
  ✓ …4621867925  in_sync
  ✓ …5816391565  in_sync
  ✓ …3549576957  in_sync
  ✓ …5887759096  in_sync
  ✓ …3163534628  in_sync
  ✓ …8220899618  in_sync
  ✓ …4096833727  in_sync
  ✓ …9777841433  in_sync
  ✓ …0418686380  in_sync
  ✓ …9591390261  in_sync
  ✓ …2555617265  in_sync
  ✓ …6581632264  in_sync
  ✗ …9135053081  rpc: tokenURI revert: execution reverted: RenaissRegistry
  ✗ …3294814642  rpc: tokenURI revert: execution reverted: RenaissRegistry
  ✓ …0098767479  in_sync
  ✓ …3376431588  in_sync
  ✓ …9389370264  in_sync
  ✓ …1779061408  in_sync
  ✓ …1261552390  in_sync
  ✓ …0286379569  in_sync
  · Batch done — 2000/2098 tokens
    ⚠ …0939498918  metadata retry 1/2: [Errno 60] Operation timed out
    ⚠ …0573657230  metadata retry 1/2: [Errno 60] Operation timed out
    ⚠ …2436786800  metadata retry 1/2: [Errno 60] Operation timed out
    ⚠ …0573657230  metadata retry 2/2: Remote end closed connection without response
  ✓ …8139129240  in_sync
  ✓ …5304843378  in_sync
  ✓ …3750194786  in_sync
  ✓ …5210477846  in_sync
  ✓ …8470777646  in_sync
  ✓ …0889948234  in_sync
  ✓ …7375147702  in_sync
  ✓ …6558826039  in_sync
  ✓ …7138227659  in_sync
  ✓ …0445768577  in_sync
  ✓ …1102322641  in_sync
  ✓ …7534608644  in_sync
  ✗ …0573657230  metadata: [Errno 60] Operation timed out
  ✓ …8076218255  in_sync
  ✓ …6069342719  in_sync
  ✓ …2063140772  in_sync
  ✓ …4586785673  in_sync
  ✓ …8948377829  in_sync
  ✓ …1856174991  in_sync
  ✓ …3023028842  in_sync
  ✓ …7942499837  in_sync
  ✓ …1735230480  in_sync
  ✓ …6159251385  in_sync
  ✓ …3118026937  in_sync
  ✓ …2436786800  in_sync
  ✓ …5301650073  in_sync
  ✓ …1286966286  in_sync
  ✓ …5901734260  in_sync
  ✓ …1648135409  in_sync
  ✓ …9079774139  in_sync
  ✓ …2490863209  in_sync
  ✓ …6607976288  in_sync
  ✓ …0939498918  in_sync
  ✓ …9650375318  in_sync
  ✓ …8322615364  in_sync
  ✓ …6533125552  in_sync
  ✓ …2144717798  in_sync
  ✓ …6246046863  in_sync
  ✓ …8071446551  in_sync
  ✓ …9887788974  in_sync
  ✓ …8453498001  in_sync
  ✓ …0878940789  in_sync
  ✓ …3668047587  in_sync
  ✓ …5872468666  in_sync
  ✓ …7794537390  in_sync
  ✓ …4151563532  in_sync
  ✓ …8137412647  in_sync
  ✓ …6505248422  in_sync
  ✓ …2922277227  in_sync
  ⚠ …6983740728  out_of_sync (5 diffs)
  · Batch done — 2050/2098 tokens
    ⚠ …3173349785  bscscan retry 1/2: Remote end closed connection without response
    ⚠ …0036832271  metadata retry 1/2: [Errno 60] Operation timed out
    ⚠ …5173415308  rpc retry 1/2: [Errno 60] Operation timed out
    ⚠ …7155327452  metadata retry 1/2: [Errno 60] Operation timed out
    ⚠ …3602649323  rpc retry 1/2: [Errno 60] Operation timed out
  ✓ …2884819728  in_sync
  ✓ …4831692927  in_sync
  ✓ …1973805033  in_sync
  ✓ …9217462387  in_sync
  ✓ …0036832271  in_sync
  ✓ …5173415308  in_sync
  ✓ …9480570634  in_sync
  ✓ …7787856053  in_sync
  ✓ …6952023618  in_sync
  ✓ …7050104156  in_sync
  ✓ …7497431716  in_sync
  ✓ …0513773390  in_sync
  ✓ …8964009394  in_sync
  ✓ …7155327452  in_sync
  ✓ …8952828898  in_sync
  ✓ …3787846798  in_sync
  ✓ …5747588131  in_sync
  ✓ …3173349785  in_sync
  ✓ …9190683962  in_sync
  ✓ …7435886108  in_sync
  ✓ …2554712135  in_sync
  ✓ …3602649323  in_sync
  ⚠ …7773453108  out_of_sync (4 diffs)
  ⚠ …4236188148  out_of_sync (4 diffs)
  ✓ …1506854352  in_sync
  ⚠ …4032236411  out_of_sync (3 diffs)
  ⚠ …7436582603  out_of_sync (3 diffs)
  ⚠ …6806967862  out_of_sync (4 diffs)
  ⚠ …6067153519  out_of_sync (3 diffs)
  ⚠ …1737398460  out_of_sync (3 diffs)
  ⚠ …3286898515  out_of_sync (4 diffs)
  ⚠ …6815109619  out_of_sync (3 diffs)
  ⚠ …5406815304  out_of_sync (3 diffs)
  ⚠ …3520906590  out_of_sync (3 diffs)
  ⚠ …2200191489  out_of_sync (3 diffs)
  ⚠ …8570373812  out_of_sync (3 diffs)
  ⚠ …3578602920  out_of_sync (3 diffs)
  ✗ …2382151162  rpc: tokenURI revert: execution reverted: RenaissRegistry
  ✗ …2452722564  rpc: tokenURI revert: execution reverted: RenaissRegistry
  ✗ …7741308061  rpc: tokenURI revert: execution reverted: RenaissRegistry
  ✗ …7199976562  rpc: tokenURI revert: execution reverted: RenaissRegistry
  ✗ …5652170454  rpc: tokenURI revert: execution reverted: RenaissRegistry
  ✗ …7078741757  rpc: tokenURI revert: execution reverted: RenaissRegistry
  ✗ …8245862498  rpc: tokenURI revert: execution reverted: RenaissRegistry
  ✗ …3445815783  rpc: tokenURI revert: execution reverted: RenaissRegistry
  ✗ …9261343890  rpc: tokenURI revert: execution reverted: RenaissRegistry
  ✗ …6787773799  rpc: tokenURI revert: execution reverted: RenaissRegistry
  ✗ …8377571176  rpc: tokenURI revert: execution reverted: RenaissRegistry
  · Batch done — 2098/2098 tokens

── Crawl results ───────────────────────
  in_sync            1855
  out_of_sync        213
  errors             15
  Progress file      progress.json
  Report file        report.json
  Report contents    213 out_of_sync, 15 errors

── Step 5: Refresh out-of-sync + crawl-error tokens (Selenium) 
  Out-of-sync        213
  Crawl errors       15
  To refresh         228
  Accounts needed    3
  Account pool       refresh6,refresh7,refresh8,refresh9,refresh10,refresh11,refresh12,refresh13,refresh14,refresh15,refresh16,refresh17,refresh18,refresh19,refresh20,refresh4,refresh5

  ▸ refresh-metadata/refresh.py
/Users/admin/Library/Python/3.9/lib/python/site-packages/urllib3/__init__.py:35: NotOpenSSLWarning: urllib3 v2 only supports OpenSSL 1.1.1+, currently the 'ssl' module is compiled with 'LibreSSL 2.8.3'. See: https://github.com/urllib3/urllib3/issues/3020
  warnings.warn(

══════════════════════════════════════════════════
  Refresh — Selenium
══════════════════════════════════════════════════

── Run config ──────────────────────────
  Source             report.json
  Out-of-sync        213
  Crawl errors       15
  Tokens             228
  Limit per account  100 tokens
  Delay              5.0s between tokens
  Account pool       refresh6, refresh7, refresh8, refresh9, refresh10, refresh11, refresh12, refresh13, refresh14, refresh15, refresh16, refresh17, refresh18, refresh19, refresh20, refresh4, refresh5
  Active account     refresh6

── Refresh quota (today) ───────────────
  refresh6           52/100 left (used 48, since 2026-09-07T08:22:52Z)
  refresh7           53/100 left (used 47, since 2026-09-07T08:35:00Z)
  refresh8           50/100 left (used 50, since 2026-09-07T08:47:11Z)
  refresh9           53/100 left (used 47, since 2026-09-07T08:59:27Z)
  refresh10          52/100 left (used 48, since 2026-09-07T09:11:38Z)
  refresh11          51/100 left (used 49, since 2026-09-07T09:23:50Z)
  refresh12          52/100 left (used 48, since 2026-09-07T09:36:02Z)
  refresh13          52/100 left (used 48, since 2026-09-07T09:48:17Z)
  refresh14          51/100 left (used 49, since 2026-09-07T10:00:30Z)
  refresh15          55/100 left (used 45, since 2026-09-07T10:12:47Z)
  refresh16          100/100 left (used 0, since not started)
  refresh17          100/100 left (used 0, since not started)
  refresh18          100/100 left (used 0, since not started)
  refresh19          100/100 left (used 0, since not started)
  refresh20          100/100 left (used 0, since not started)
  refresh4           6/100 left (used 94, since 2026-09-07T06:28:52Z)
  refresh5           1/100 left (used 99, since 2026-09-07T07:58:37Z)
  · Reusing today's session  refresh6  (52/100 left, started 2026-09-07T08:22:52Z)
  · Chrome profile  /Users/admin/.refresh/chrome-bscscan/profiles/refresh6  (Default)
  · Chrome version_main  152
  · Chrome started  (2.3s, cached chromedriver)
  · Trying saved cookies for refresh6 before Selenium login
  ⚠ Saved cookies did not restore session for refresh6
  ⚠ Saved session expired for refresh6 — restoring login
  · Chrome profile  /Users/admin/.refresh/chrome-bscscan/profiles/refresh6  (Default)
  · Chrome version_main  152
  · Chrome started  (2.0s, cached chromedriver)
  · Checking Chrome profile session for refresh6
  · Trying saved cookies for refresh6 before Selenium login
  ⚠ Saved cookies did not restore session for refresh6
  ⚠ Saved session unavailable for refresh6 — full login required
  · Logging in  refresh6
  · Step 1/3  Selenium login  refresh6
  · Login attempt 1/3  refresh6
  · Login page open  https://bscscan.com/login
  ✓ Filled username/password for refresh6
  · Waiting for Turnstile (complete captcha in browser if shown)...
  ✓ Turnstile completed (3.0s)
  · Clicking LOGIN...
  ✓ Logged in as refresh6
  ✓ Login successful  refresh6  (13.6s)
  · Step 2/3  Open first token NFT page  …3795184056
  ·            https://bscscan.com/nft/0xF8646A3Ca093e97Bb404c3b25e675C0394DD5b30/24251173777963631923798868434254350226672409486671532321636410460333795184056
  ✓ NFT page loaded  …3795184056
  ✓ Session ready  refresh6  (52/100 left, started 2026-09-07T08:22:52Z)
  · Refreshing …3795184056  (1/228)  (account: refresh6)
  ✓ …3795184056  refresh clicked  (8.7s)
  Quota              51/100 remaining for refresh6
  · Refreshing …7773453108  (2/228)  (account: refresh6)
  ✓ …7773453108  refresh clicked  (8.2s)
  Quota              50/100 remaining for refresh6
  · Refreshing …8392708154  (3/228)  (account: refresh6)
  ✓ …8392708154  refresh clicked  (7.8s)
  Quota              49/100 remaining for refresh6
  · Refreshing …4236188148  (4/228)  (account: refresh6)
  ✓ …4236188148  refresh clicked  (7.8s)
  Quota              48/100 remaining for refresh6
  · Refreshing …4032236411  (5/228)  (account: refresh6)
  ✓ …4032236411  refresh clicked  (11.2s)
  Quota              47/100 remaining for refresh6
  · Refreshing …7436582603  (6/228)  (account: refresh6)
  ✓ …7436582603  refresh clicked  (9.4s)
  Quota              46/100 remaining for refresh6
  · Refreshing …6806967862  (7/228)  (account: refresh6)
  ✓ …6806967862  refresh clicked  (8.0s)
  Quota              45/100 remaining for refresh6
  · Refreshing …6067153519  (8/228)  (account: refresh6)
  ✓ …6067153519  refresh clicked  (7.9s)
  Quota              44/100 remaining for refresh6
  · Refreshing …1737398460  (9/228)  (account: refresh6)
  ✓ …1737398460  refresh clicked  (8.4s)
  Quota              43/100 remaining for refresh6
  · Refreshing …3286898515  (10/228)  (account: refresh6)
  ✓ …3286898515  refresh clicked  (8.2s)
  Quota              42/100 remaining for refresh6
  · Refreshing …6815109619  (11/228)  (account: refresh6)
  ✓ …6815109619  refresh clicked  (7.8s)
  Quota              41/100 remaining for refresh6
  · Refreshing …5406815304  (12/228)  (account: refresh6)
  ✓ …5406815304  refresh clicked  (8.1s)
  Quota              40/100 remaining for refresh6
  · Refreshing …3520906590  (13/228)  (account: refresh6)
  ✓ …3520906590  refresh clicked  (8.0s)
  Quota              39/100 remaining for refresh6
  · Refreshing …2200191489  (14/228)  (account: refresh6)
  ✓ …2200191489  refresh clicked  (8.1s)
  Quota              38/100 remaining for refresh6
  · Refreshing …8570373812  (15/228)  (account: refresh6)
  ✓ …8570373812  refresh clicked  (7.9s)
  Quota              37/100 remaining for refresh6
  · Refreshing …3578602920  (16/228)  (account: refresh6)
  ✓ …3578602920  refresh clicked  (8.4s)
  Quota              36/100 remaining for refresh6
  · Refreshing …2703196373  (17/228)  (account: refresh6)
  ✓ …2703196373  refresh clicked  (8.4s)
  Quota              35/100 remaining for refresh6
  · Refreshing …4341071498  (18/228)  (account: refresh6)
  ✓ …4341071498  refresh clicked  (7.8s)
  Quota              34/100 remaining for refresh6
  · Proactive browser restart after 18 tokens
  ⚠ Cleaned up 4 stale Chrome process(es)
  · Chrome profile  /Users/admin/.refresh/chrome-bscscan/profiles/refresh6  (Default)
  · Chrome version_main  152
  · Chrome started  (1.4s, cached chromedriver)
  · Checking Chrome profile session for refresh6
  · Trying saved cookies for refresh6 before Selenium login
  ✓ Logged in via saved cookies  refresh6
  · Step 2/3  Open first token NFT page  …2514853523
  ·            https://bscscan.com/nft/0xF8646A3Ca093e97Bb404c3b25e675C0394DD5b30/71489695124183967548807678297008340159038206203101793197202862188602514853523
  ✓ NFT page loaded  …2514853523
  ✓ Session ready  refresh6  (34/100 left, started 2026-09-07T08:22:52Z)
  · Refreshing …2514853523  (19/228)  (account: refresh6)
  ✓ …2514853523  refresh clicked  (8.3s)
  Quota              33/100 remaining for refresh6
  · Refreshing …7106413092  (20/228)  (account: refresh6)
  ✓ …7106413092  refresh clicked  (7.9s)
  Quota              32/100 remaining for refresh6
  · Refreshing …0122402660  (21/228)  (account: refresh6)
  ✓ …0122402660  refresh clicked  (8.0s)
  Quota              31/100 remaining for refresh6
  · Refreshing …9205333334  (22/228)  (account: refresh6)
  ✗ …9205333334  (39.9s)  Refresh Metadata button not found — Message: timeout: Timed out receiving message from renderer: 35.000
  (Session info: chrome=152.0.7977.76)
Stacktrace:
0   undetected_chromedriver             0x000000010866351a undetected_chromedriver + 4093210
1   undetected_chromedriver             0x00000001082e9ffb undetected_chromedriver + 450555
2   undetected_chromedriver             0x00000001082d7cfd undetected_chromedriver + 376061
3   undetected_chromedriver             0x00000001082d78f6 undetected_chromedriver + 375030
4   undetected_chromedriver             0x00000001082d5509 undetected_chromedriver + 365833
5   undetected_chromedriver             0x00000001082d5e5f undetected_chromedriver + 368223
6   undetected_chromedriver             0x00000001082e4f80 undetected_chromedriver + 429952
7   undetected_chromedriver             0x00000001082f8f33 undetected_chromedriver + 511795
8   undetected_chromedriver             0x0000000108300a9b undetected_chromedriver + 543387
9   undetected_chromedriver             0x00000001082d6576 undetected_chromedriver + 370038
10  undetected_chromedriver             0x00000001082f8bb1 undetected_chromedriver + 510897
11  undetected_chromedriver             0x0000000108386f4d undetected_chromedriver + 1093453
12  undetected_chromedriver             0x0000000108332980 undetected_chromedriver + 747904
13  undetected_chromedriver             0x00000001083336e1 undetected_chromedriver + 751329
14  undetected_chromedriver             0x000000010862e848 undetected_chromedriver + 3876936
15  undetected_chromedriver             0x00000001086323b6 undetected_chromedriver + 3892150
16  undetected_chromedriver             0x0000000108612afe undetected_chromedriver + 3762942
17  undetected_chromedriver             0x0000000108632ee2 undetected_chromedriver + 3895010
18  undetected_chromedriver             0x0000000108605770 undetected_chromedriver + 3708784
19  undetected_chromedriver             0x0000000108650868 undetected_chromedriver + 4016232
20  undetected_chromedriver             0x00000001086509fc undetected_chromedriver + 4016636
21  undetected_chromedriver             0x00000001086631c6 undetected_chromedriver + 4092358
22  libsystem_pthread.dylib             0x00007ff811a59e05 _pthread_start + 115
23  libsystem_pthread.dylib             0x00007ff811a55857 thread_start + 15

  · Refreshing …4732764354  (23/228)  (account: refresh6)
  ✓ …4732764354  refresh clicked  (16.9s)
  Quota              30/100 remaining for refresh6
  · Refreshing …1322690699  (24/228)  (account: refresh6)
  ✓ …1322690699  refresh clicked  (7.9s)
  Quota              29/100 remaining for refresh6
  · Refreshing …1107153548  (25/228)  (account: refresh6)
  ✓ …1107153548  refresh clicked  (8.2s)
  Quota              28/100 remaining for refresh6
  · Refreshing …4495309997  (26/228)  (account: refresh6)
  ✓ …4495309997  refresh clicked  (7.8s)
  Quota              27/100 remaining for refresh6
  · Refreshing …1791969462  (27/228)  (account: refresh6)
  ✓ …1791969462  refresh clicked  (8.0s)
  Quota              26/100 remaining for refresh6
  · Refreshing …1140732646  (28/228)  (account: refresh6)
  ✓ …1140732646  refresh clicked  (7.9s)
  Quota              25/100 remaining for refresh6
  · Refreshing …5606638289  (29/228)  (account: refresh6)
  ✓ …5606638289  refresh clicked  (7.9s)
  Quota              24/100 remaining for refresh6
  · Refreshing …6568404619  (30/228)  (account: refresh6)
  ✓ …6568404619  refresh clicked  (7.9s)
  Quota              23/100 remaining for refresh6
  · Refreshing …9794702796  (31/228)  (account: refresh6)
  ✓ …9794702796  refresh clicked  (8.2s)
  Quota              22/100 remaining for refresh6
  · Refreshing …1157128882  (32/228)  (account: refresh6)
  ✓ …1157128882  refresh clicked  (8.1s)
  Quota              21/100 remaining for refresh6
  · Refreshing …5438482875  (33/228)  (account: refresh6)
  ✓ …5438482875  refresh clicked  (8.0s)
  Quota              20/100 remaining for refresh6
  · Refreshing …3869490205  (34/228)  (account: refresh6)
  ✓ …3869490205  refresh clicked  (8.0s)
  Quota              19/100 remaining for refresh6
  · Refreshing …9915404739  (35/228)  (account: refresh6)
  ✓ …9915404739  refresh clicked  (8.0s)
  Quota              18/100 remaining for refresh6
  · Refreshing …2181428100  (36/228)  (account: refresh6)
  ✓ …2181428100  refresh clicked  (7.9s)
  Quota              17/100 remaining for refresh6
  · Refreshing …6599411491  (37/228)  (account: refresh6)
  ✓ …6599411491  refresh clicked  (7.9s)
  Quota              16/100 remaining for refresh6
  · Proactive browser restart after 18 tokens
  · Chrome profile  /Users/admin/.refresh/chrome-bscscan/profiles/refresh6  (Default)
  · Chrome version_main  152
  · Chrome started  (1.4s, cached chromedriver)
  · Checking Chrome profile session for refresh6
  · Trying saved cookies for refresh6 before Selenium login
  ✓ Logged in via saved cookies  refresh6
  · Step 2/3  Open first token NFT page  …8742886430
  ·            https://bscscan.com/nft/0xF8646A3Ca093e97Bb404c3b25e675C0394DD5b30/24862002331794308504329270420599467554664904834493548280860758824088742886430
  ✓ NFT page loaded  …8742886430
  ✓ Session ready  refresh6  (16/100 left, started 2026-09-07T08:22:52Z)
  · Refreshing …8742886430  (38/228)  (account: refresh6)
  ✓ …8742886430  refresh clicked  (8.2s)
  Quota              15/100 remaining for refresh6
  · Refreshing …7933087420  (39/228)  (account: refresh6)
  ✓ …7933087420  refresh clicked  (8.0s)
  Quota              14/100 remaining for refresh6
  · Refreshing …4250388736  (40/228)  (account: refresh6)
  ✓ …4250388736  refresh clicked  (7.9s)
  Quota              13/100 remaining for refresh6
  · Refreshing …7688214252  (41/228)  (account: refresh6)
  ✓ …7688214252  refresh clicked  (7.9s)
  Quota              12/100 remaining for refresh6
  · Refreshing …7643164167  (42/228)  (account: refresh6)
  ✓ …7643164167  refresh clicked  (8.0s)
  Quota              11/100 remaining for refresh6
  · Refreshing …9900577446  (43/228)  (account: refresh6)
  ✓ …9900577446  refresh clicked  (8.0s)
  Quota              10/100 remaining for refresh6
  · Refreshing …7275189861  (44/228)  (account: refresh6)
  ✓ …7275189861  refresh clicked  (8.1s)
  Quota              9/100 remaining for refresh6
  · Refreshing …4429356993  (45/228)  (account: refresh6)
  ⚠ Rotated to refresh7
  · Switching browser session to refresh7
  · Chrome profile  /Users/admin/.refresh/chrome-bscscan/profiles/refresh7  (Default)
  · Chrome version_main  152
  · Chrome started  (1.4s, cached chromedriver)
  · Checking Chrome profile session for refresh7
  · Trying saved cookies for refresh7 before Selenium login
  ⚠ Saved cookies did not restore session for refresh7
  ⚠ Saved session unavailable for refresh7 — full login required
  · Logging in  refresh7
  · Step 1/3  Selenium login  refresh7
  · Login attempt 1/3  refresh7
  · Login page open  https://bscscan.com/login
  ✓ Filled username/password for refresh7
  · Waiting for Turnstile (complete captcha in browser if shown)...
  ✓ Turnstile completed (3.0s)
  · Clicking LOGIN...
  ✓ Logged in as refresh7
  ✓ Login successful  refresh7  (13.5s)
  · Step 2/3  Open first token NFT page  …4429356993
  ·            https://bscscan.com/nft/0xF8646A3Ca093e97Bb404c3b25e675C0394DD5b30/1870706390582614212795253988696882798079720296197469427429858334144429356993
  ✓ NFT page loaded  …4429356993
  ✓ Session ready  refresh7  (53/100 left, started 2026-09-07T08:35:00Z)
  ✓ …4429356993  refresh clicked  (56.1s)
  Quota              52/100 remaining for refresh7
  · Refreshing …5516195966  (46/228)  (account: refresh7)
  ✓ …5516195966  refresh clicked  (7.9s)
  Quota              51/100 remaining for refresh7
  · Refreshing …3437074534  (47/228)  (account: refresh7)
  ✓ …3437074534  refresh clicked  (8.0s)
  Quota              50/100 remaining for refresh7
  · Refreshing …9252417660  (48/228)  (account: refresh7)
  ✓ …9252417660  refresh clicked  (7.9s)
  Quota              49/100 remaining for refresh7
  · Refreshing …5342243623  (49/228)  (account: refresh7)
  ✓ …5342243623  refresh clicked  (7.9s)
  Quota              48/100 remaining for refresh7
  · Refreshing …8521392768  (50/228)  (account: refresh7)
  ✓ …8521392768  refresh clicked  (8.3s)
  Quota              47/100 remaining for refresh7
  · Refreshing …2358936449  (51/228)  (account: refresh7)
  ✓ …2358936449  refresh clicked  (7.9s)
  Quota              46/100 remaining for refresh7
  · Refreshing …1850202291  (52/228)  (account: refresh7)
  ✓ …1850202291  refresh clicked  (7.8s)
  Quota              45/100 remaining for refresh7
  · Refreshing …1504719854  (53/228)  (account: refresh7)
  ✓ …1504719854  refresh clicked  (8.0s)
  Quota              44/100 remaining for refresh7
  · Refreshing …7262708463  (54/228)  (account: refresh7)
  ✓ …7262708463  refresh clicked  (9.2s)
  Quota              43/100 remaining for refresh7
  · Refreshing …9389755643  (55/228)  (account: refresh7)
  ✓ …9389755643  refresh clicked  (8.3s)
  Quota              42/100 remaining for refresh7
  · Proactive browser restart after 18 tokens
  · Chrome profile  /Users/admin/.refresh/chrome-bscscan/profiles/refresh7  (Default)
  · Chrome version_main  152
  · Chrome started  (1.3s, cached chromedriver)
  · Checking Chrome profile session for refresh7
  · Trying saved cookies for refresh7 before Selenium login
  ✓ Logged in via saved cookies  refresh7
  · Step 2/3  Open first token NFT page  …8808986442
  ·            https://bscscan.com/nft/0xF8646A3Ca093e97Bb404c3b25e675C0394DD5b30/40532285387924568934065312161499476301124157462744483392100357599628808986442
  ✓ NFT page loaded  …8808986442
  ✓ Session ready  refresh7  (42/100 left, started 2026-09-07T08:35:00Z)
  · Refreshing …8808986442  (56/228)  (account: refresh7)
  ✓ …8808986442  refresh clicked  (8.3s)
  Quota              41/100 remaining for refresh7
  · Refreshing …5184976743  (57/228)  (account: refresh7)
  ✓ …5184976743  refresh clicked  (7.9s)
  Quota              40/100 remaining for refresh7
  · Refreshing …3953307801  (58/228)  (account: refresh7)
  ✓ …3953307801  refresh clicked  (7.8s)
  Quota              39/100 remaining for refresh7
  · Refreshing …7318146565  (59/228)  (account: refresh7)
  ✓ …7318146565  refresh clicked  (8.0s)
  Quota              38/100 remaining for refresh7
  · Refreshing …3487324800  (60/228)  (account: refresh7)
  ✓ …3487324800  refresh clicked  (8.0s)
  Quota              37/100 remaining for refresh7
  · Refreshing …6985544135  (61/228)  (account: refresh7)
  ✓ …6985544135  refresh clicked  (7.8s)
  Quota              36/100 remaining for refresh7
  · Refreshing …9602806098  (62/228)  (account: refresh7)
  ✓ …9602806098  refresh clicked  (7.8s)
  Quota              35/100 remaining for refresh7
  · Refreshing …2655728122  (63/228)  (account: refresh7)
  ✓ …2655728122  refresh clicked  (8.0s)
  Quota              34/100 remaining for refresh7
  · Refreshing …9073417276  (64/228)  (account: refresh7)
  ✓ …9073417276  refresh clicked  (7.8s)
  Quota              33/100 remaining for refresh7
  · Refreshing …1716310871  (65/228)  (account: refresh7)
  ✓ …1716310871  refresh clicked  (7.8s)
  Quota              32/100 remaining for refresh7
  · Refreshing …6105536199  (66/228)  (account: refresh7)
  ✓ …6105536199  refresh clicked  (8.1s)
  Quota              31/100 remaining for refresh7
  · Refreshing …8321551598  (67/228)  (account: refresh7)
  ✓ …8321551598  refresh clicked  (8.0s)
  Quota              30/100 remaining for refresh7
  · Refreshing …4442706618  (68/228)  (account: refresh7)
  ✓ …4442706618  refresh clicked  (8.2s)
  Quota              29/100 remaining for refresh7
  · Refreshing …2291068734  (69/228)  (account: refresh7)
  ✓ …2291068734  refresh clicked  (8.0s)
  Quota              28/100 remaining for refresh7
  · Refreshing …3095315992  (70/228)  (account: refresh7)
  ✓ …3095315992  refresh clicked  (7.9s)
  Quota              27/100 remaining for refresh7
  · Refreshing …2708020831  (71/228)  (account: refresh7)
  ✓ …2708020831  refresh clicked  (8.0s)
  Quota              26/100 remaining for refresh7
  · Refreshing …8422382886  (72/228)  (account: refresh7)
  ✓ …8422382886  refresh clicked  (7.9s)
  Quota              25/100 remaining for refresh7
  · Refreshing …2147944193  (73/228)  (account: refresh7)
  ✓ …2147944193  refresh clicked  (7.9s)
  Quota              24/100 remaining for refresh7
  · Proactive browser restart after 18 tokens
  · Chrome profile  /Users/admin/.refresh/chrome-bscscan/profiles/refresh7  (Default)
  · Chrome version_main  152
  · Chrome started  (1.4s, cached chromedriver)
  · Checking Chrome profile session for refresh7
  · Trying saved cookies for refresh7 before Selenium login
  ✓ Logged in via saved cookies  refresh7
  · Step 2/3  Open first token NFT page  …2623753854
  ·            https://bscscan.com/nft/0xF8646A3Ca093e97Bb404c3b25e675C0394DD5b30/57943890717112743290467218767797440018678801524881031311252753299282623753854
  ✓ NFT page loaded  …2623753854
  ✓ Session ready  refresh7  (24/100 left, started 2026-09-07T08:35:00Z)
  · Refreshing …2623753854  (74/228)  (account: refresh7)
  ✓ …2623753854  refresh clicked  (8.1s)
  Quota              23/100 remaining for refresh7
  · Refreshing …3819733237  (75/228)  (account: refresh7)
  ✓ …3819733237  refresh clicked  (7.8s)
  Quota              22/100 remaining for refresh7
  · Refreshing …6018605454  (76/228)  (account: refresh7)
  ✓ …6018605454  refresh clicked  (7.8s)
  Quota              21/100 remaining for refresh7
  · Refreshing …4131928298  (77/228)  (account: refresh7)
  ✓ …4131928298  refresh clicked  (7.7s)
  Quota              20/100 remaining for refresh7
  · Refreshing …6708689006  (78/228)  (account: refresh7)
  ✓ …6708689006  refresh clicked  (7.9s)
  Quota              19/100 remaining for refresh7
  · Refreshing …2206572070  (79/228)  (account: refresh7)
  ✓ …2206572070  refresh clicked  (8.1s)
  Quota              18/100 remaining for refresh7
  · Refreshing …0583588971  (80/228)  (account: refresh7)
  ✓ …0583588971  refresh clicked  (8.1s)
  Quota              17/100 remaining for refresh7
  · Refreshing …7983157705  (81/228)  (account: refresh7)
  ✓ …7983157705  refresh clicked  (7.8s)
  Quota              16/100 remaining for refresh7
  · Refreshing …7071611934  (82/228)  (account: refresh7)
  ✓ …7071611934  refresh clicked  (8.0s)
  Quota              15/100 remaining for refresh7
  · Refreshing …9867501263  (83/228)  (account: refresh7)
  ✓ …9867501263  refresh clicked  (7.8s)
  Quota              14/100 remaining for refresh7
  · Refreshing …5040625707  (84/228)  (account: refresh7)
  ✓ …5040625707  refresh clicked  (8.0s)
  Quota              13/100 remaining for refresh7
  · Refreshing …2946241610  (85/228)  (account: refresh7)
  ✓ …2946241610  refresh clicked  (8.0s)
  Quota              12/100 remaining for refresh7
  · Refreshing …8994498420  (86/228)  (account: refresh7)
  ✓ …8994498420  refresh clicked  (7.8s)
  Quota              11/100 remaining for refresh7
  · Refreshing …2781265875  (87/228)  (account: refresh7)
  ✓ …2781265875  refresh clicked  (7.9s)
  Quota              10/100 remaining for refresh7
  · Refreshing …2434791393  (88/228)  (account: refresh7)
  ✓ …2434791393  refresh clicked  (8.2s)
  Quota              9/100 remaining for refresh7
  · Refreshing …9698258279  (89/228)  (account: refresh7)
  ✓ …9698258279  refresh clicked  (8.1s)
  Quota              8/100 remaining for refresh7
  · Refreshing …3248556211  (90/228)  (account: refresh7)
  ✓ …3248556211  refresh clicked  (8.0s)
  Quota              7/100 remaining for refresh7
  · Refreshing …8855871190  (91/228)  (account: refresh7)
  ✓ …8855871190  refresh clicked  (7.8s)
  Quota              6/100 remaining for refresh7
  · Proactive browser restart after 18 tokens
  · Chrome profile  /Users/admin/.refresh/chrome-bscscan/profiles/refresh7  (Default)
  · Chrome version_main  152
  · Chrome started  (1.4s, cached chromedriver)
  · Checking Chrome profile session for refresh7
  · Trying saved cookies for refresh7 before Selenium login
  ✓ Logged in via saved cookies  refresh7
  · Step 2/3  Open first token NFT page  …9100812735
  ·            https://bscscan.com/nft/0xF8646A3Ca093e97Bb404c3b25e675C0394DD5b30/105446727716410863574569807411980268078331189508821223108237550723549100812735
  ✓ NFT page loaded  …9100812735
  ✓ Session ready  refresh7  (6/100 left, started 2026-09-07T08:35:00Z)
  · Refreshing …9100812735  (92/228)  (account: refresh7)
  ⚠ Rotated to refresh8
  · Switching browser session to refresh8
  · Chrome profile  /Users/admin/.refresh/chrome-bscscan/profiles/refresh8  (Default)
  · Chrome version_main  152
  · Chrome started  (1.4s, cached chromedriver)
  · Checking Chrome profile session for refresh8
  · Trying saved cookies for refresh8 before Selenium login
  ⚠ Saved cookies did not restore session for refresh8
  ⚠ Saved session unavailable for refresh8 — full login required
  · Logging in  refresh8
  · Step 1/3  Selenium login  refresh8
  · Login attempt 1/3  refresh8
  · Login page open  https://bscscan.com/login
  ✓ Filled username/password for refresh8
  · Waiting for Turnstile (complete captcha in browser if shown)...
  ✓ Turnstile completed (3.0s)
  · Clicking LOGIN...
  ✓ Logged in as refresh8
  ✓ Login successful  refresh8  (13.6s)
  · Step 2/3  Open first token NFT page  …9100812735
  ·            https://bscscan.com/nft/0xF8646A3Ca093e97Bb404c3b25e675C0394DD5b30/105446727716410863574569807411980268078331189508821223108237550723549100812735
  ✓ NFT page loaded  …9100812735
  ✓ Session ready  refresh8  (50/100 left, started 2026-09-07T08:47:11Z)
  ✓ …9100812735  refresh clicked  (55.7s)
  Quota              49/100 remaining for refresh8
  · Refreshing …9943131820  (93/228)  (account: refresh8)
  ✓ …9943131820  refresh clicked  (7.8s)
  Quota              48/100 remaining for refresh8
  · Refreshing …8160458039  (94/228)  (account: refresh8)
  ✓ …8160458039  refresh clicked  (8.0s)
  Quota              47/100 remaining for refresh8
  · Refreshing …6353140787  (95/228)  (account: refresh8)
  ✓ …6353140787  refresh clicked  (8.1s)
  Quota              46/100 remaining for refresh8
  · Refreshing …1278654386  (96/228)  (account: refresh8)
  ✓ …1278654386  refresh clicked  (8.0s)
  Quota              45/100 remaining for refresh8
  · Refreshing …4374893830  (97/228)  (account: refresh8)
  ✓ …4374893830  refresh clicked  (7.9s)
  Quota              44/100 remaining for refresh8
  · Refreshing …4241739957  (98/228)  (account: refresh8)
  ✓ …4241739957  refresh clicked  (7.8s)
  Quota              43/100 remaining for refresh8
  · Refreshing …5169110747  (99/228)  (account: refresh8)
  ✓ …5169110747  refresh clicked  (7.8s)
  Quota              42/100 remaining for refresh8
  · Refreshing …7295441068  (100/228)  (account: refresh8)
  ✓ …7295441068  refresh clicked  (7.9s)
  Quota              41/100 remaining for refresh8
  · Refreshing …7895541921  (101/228)  (account: refresh8)
  ✓ …7895541921  refresh clicked  (8.0s)
  Quota              40/100 remaining for refresh8
  · Refreshing …1053432946  (102/228)  (account: refresh8)
  ✓ …1053432946  refresh clicked  (8.0s)
  Quota              39/100 remaining for refresh8
  · Refreshing …9980284797  (103/228)  (account: refresh8)
  ✓ …9980284797  refresh clicked  (7.8s)
  Quota              38/100 remaining for refresh8
  · Refreshing …3788700444  (104/228)  (account: refresh8)
  ✓ …3788700444  refresh clicked  (8.1s)
  Quota              37/100 remaining for refresh8
  · Refreshing …6109931221  (105/228)  (account: refresh8)
  ✓ …6109931221  refresh clicked  (8.0s)
  Quota              36/100 remaining for refresh8
  · Refreshing …8976788794  (106/228)  (account: refresh8)
  ✓ …8976788794  refresh clicked  (8.5s)
  Quota              35/100 remaining for refresh8
  · Refreshing …1524863814  (107/228)  (account: refresh8)
  ✓ …1524863814  refresh clicked  (7.7s)
  Quota              34/100 remaining for refresh8
  · Refreshing …9500198643  (108/228)  (account: refresh8)
  ✓ …9500198643  refresh clicked  (8.3s)
  Quota              33/100 remaining for refresh8
  · Refreshing …5031621982  (109/228)  (account: refresh8)
  ✓ …5031621982  refresh clicked  (8.2s)
  Quota              32/100 remaining for refresh8
  · Proactive browser restart after 18 tokens
  · Chrome profile  /Users/admin/.refresh/chrome-bscscan/profiles/refresh8  (Default)
  · Chrome version_main  152
  · Chrome started  (1.4s, cached chromedriver)
  · Checking Chrome profile session for refresh8
  · Trying saved cookies for refresh8 before Selenium login
  ✓ Logged in via saved cookies  refresh8
  · Step 2/3  Open first token NFT page  …6799648417
  ·            https://bscscan.com/nft/0xF8646A3Ca093e97Bb404c3b25e675C0394DD5b30/29854535179984272465110172250481136403366010956255105503623493524146799648417
  ✓ NFT page loaded  …6799648417
  ✓ Session ready  refresh8  (32/100 left, started 2026-09-07T08:47:11Z)
  · Refreshing …6799648417  (110/228)  (account: refresh8)
  ✓ …6799648417  refresh clicked  (8.9s)
  Quota              31/100 remaining for refresh8
  · Refreshing …4602436932  (111/228)  (account: refresh8)
  ✓ …4602436932  refresh clicked  (7.9s)
  Quota              30/100 remaining for refresh8
  · Refreshing …9445387155  (112/228)  (account: refresh8)
  ✓ …9445387155  refresh clicked  (7.9s)
  Quota              29/100 remaining for refresh8
  · Refreshing …5714912822  (113/228)  (account: refresh8)
  ✓ …5714912822  refresh clicked  (7.9s)
  Quota              28/100 remaining for refresh8
  · Refreshing …0076155787  (114/228)  (account: refresh8)
  ✓ …0076155787  refresh clicked  (7.9s)
  Quota              27/100 remaining for refresh8
  · Refreshing …8577217220  (115/228)  (account: refresh8)
  ✓ …8577217220  refresh clicked  (8.2s)
  Quota              26/100 remaining for refresh8
  · Refreshing …3986868337  (116/228)  (account: refresh8)
  ✓ …3986868337  refresh clicked  (7.9s)
  Quota              25/100 remaining for refresh8
  · Refreshing …7801889632  (117/228)  (account: refresh8)
  ✓ …7801889632  refresh clicked  (8.1s)
  Quota              24/100 remaining for refresh8
  · Refreshing …7174806249  (118/228)  (account: refresh8)
  ✓ …7174806249  refresh clicked  (8.0s)
  Quota              23/100 remaining for refresh8
  · Refreshing …0227877903  (119/228)  (account: refresh8)
  ✓ …0227877903  refresh clicked  (7.9s)
  Quota              22/100 remaining for refresh8
  · Refreshing …7323635885  (120/228)  (account: refresh8)
  ✓ …7323635885  refresh clicked  (8.0s)
  Quota              21/100 remaining for refresh8
  · Refreshing …1734270774  (121/228)  (account: refresh8)
  ✓ …1734270774  refresh clicked  (8.0s)
  Quota              20/100 remaining for refresh8
  · Refreshing …4723586590  (122/228)  (account: refresh8)
  ✓ …4723586590  refresh clicked  (7.9s)
  Quota              19/100 remaining for refresh8
  · Refreshing …3770120842  (123/228)  (account: refresh8)
  ✓ …3770120842  refresh clicked  (8.3s)
  Quota              18/100 remaining for refresh8
  · Refreshing …6879346193  (124/228)  (account: refresh8)
  ✓ …6879346193  refresh clicked  (7.8s)
  Quota              17/100 remaining for refresh8
  · Refreshing …8711601399  (125/228)  (account: refresh8)
  ✓ …8711601399  refresh clicked  (7.9s)
  Quota              16/100 remaining for refresh8
  · Refreshing …5098098532  (126/228)  (account: refresh8)
  ✓ …5098098532  refresh clicked  (8.0s)
  Quota              15/100 remaining for refresh8
  · Refreshing …6015734603  (127/228)  (account: refresh8)
  ✓ …6015734603  refresh clicked  (8.1s)
  Quota              14/100 remaining for refresh8
  · Proactive browser restart after 18 tokens
  · Chrome profile  /Users/admin/.refresh/chrome-bscscan/profiles/refresh8  (Default)
  · Chrome version_main  152
  · Chrome started  (1.4s, cached chromedriver)
  · Checking Chrome profile session for refresh8
  · Trying saved cookies for refresh8 before Selenium login
  ✓ Logged in via saved cookies  refresh8
  · Step 2/3  Open first token NFT page  …0270469695
  ·            https://bscscan.com/nft/0xF8646A3Ca093e97Bb404c3b25e675C0394DD5b30/80286009030304836348280193433594354622606393304092158782406486685310270469695
  ✓ NFT page loaded  …0270469695
  ✓ Session ready  refresh8  (14/100 left, started 2026-09-07T08:47:11Z)
  · Refreshing …0270469695  (128/228)  (account: refresh8)
  ✓ …0270469695  refresh clicked  (8.0s)
  Quota              13/100 remaining for refresh8
  · Refreshing …3507038698  (129/228)  (account: refresh8)
  ✓ …3507038698  refresh clicked  (7.9s)
  Quota              12/100 remaining for refresh8
  · Refreshing …8152119751  (130/228)  (account: refresh8)
  ✓ …8152119751  refresh clicked  (7.9s)
  Quota              11/100 remaining for refresh8
  · Refreshing …9289938140  (131/228)  (account: refresh8)
  ✓ …9289938140  refresh clicked  (7.8s)
  Quota              10/100 remaining for refresh8
  · Refreshing …2827060642  (132/228)  (account: refresh8)
  ✓ …2827060642  refresh clicked  (8.0s)
  Quota              9/100 remaining for refresh8
  · Refreshing …0505741690  (133/228)  (account: refresh8)
  ✓ …0505741690  refresh clicked  (7.8s)
  Quota              8/100 remaining for refresh8
  · Refreshing …0622897917  (134/228)  (account: refresh8)
  ✓ …0622897917  refresh clicked  (8.3s)
  Quota              7/100 remaining for refresh8
  · Refreshing …2126945761  (135/228)  (account: refresh8)
  ✓ …2126945761  refresh clicked  (8.1s)
  Quota              6/100 remaining for refresh8
  · Refreshing …8765468110  (136/228)  (account: refresh8)
  ✓ …8765468110  refresh clicked  (7.9s)
  Quota              5/100 remaining for refresh8
  · Refreshing …4638099242  (137/228)  (account: refresh8)
  ✓ …4638099242  refresh clicked  (8.4s)
  Quota              4/100 remaining for refresh8
  · Refreshing …5288317014  (138/228)  (account: refresh8)
  ✓ …5288317014  refresh clicked  (8.0s)
  Quota              3/100 remaining for refresh8
  · Refreshing …5252079393  (139/228)  (account: refresh8)
  ✓ …5252079393  refresh clicked  (8.0s)
  Quota              2/100 remaining for refresh8
  · Refreshing …3879771265  (140/228)  (account: refresh8)
  ✓ …3879771265  refresh clicked  (7.9s)
  Quota              1/100 remaining for refresh8
  · Refreshing …8174093271  (141/228)  (account: refresh8)
  ⚠ Rotated to refresh9
  · Switching browser session to refresh9
  · Chrome profile  /Users/admin/.refresh/chrome-bscscan/profiles/refresh9  (Default)
  · Chrome version_main  152
  · Chrome started  (1.4s, cached chromedriver)
  · Checking Chrome profile session for refresh9
  · Trying saved cookies for refresh9 before Selenium login
  ⚠ Saved cookies did not restore session for refresh9
  ⚠ Saved session unavailable for refresh9 — full login required
  · Logging in  refresh9
  · Step 1/3  Selenium login  refresh9
  · Login attempt 1/3  refresh9
  · Login page open  https://bscscan.com/login
  ✓ Filled username/password for refresh9
  · Waiting for Turnstile (complete captcha in browser if shown)...
  ✓ Turnstile completed (3.0s)
  · Clicking LOGIN...
  ✓ Logged in as refresh9
  ✓ Login successful  refresh9  (13.7s)
  · Step 2/3  Open first token NFT page  …8174093271
  ·            https://bscscan.com/nft/0xF8646A3Ca093e97Bb404c3b25e675C0394DD5b30/10504411207190827891689405681161091002997516220260773737232818713718174093271
  ✓ NFT page loaded  …8174093271
  ✓ Session ready  refresh9  (53/100 left, started 2026-09-07T08:59:27Z)
  ✓ …8174093271  refresh clicked  (56.0s)
  Quota              52/100 remaining for refresh9
  · Refreshing …6853204753  (142/228)  (account: refresh9)
  ✓ …6853204753  refresh clicked  (8.0s)
  Quota              51/100 remaining for refresh9
  · Refreshing …7473633750  (143/228)  (account: refresh9)
  ✓ …7473633750  refresh clicked  (8.0s)
  Quota              50/100 remaining for refresh9
  · Refreshing …3526787062  (144/228)  (account: refresh9)
  ✓ …3526787062  refresh clicked  (8.0s)
  Quota              49/100 remaining for refresh9
  · Refreshing …5830116210  (145/228)  (account: refresh9)
  ✓ …5830116210  refresh clicked  (8.0s)
  Quota              48/100 remaining for refresh9
  · Proactive browser restart after 18 tokens
  · Chrome profile  /Users/admin/.refresh/chrome-bscscan/profiles/refresh9  (Default)
  · Chrome version_main  152
  · Chrome started  (1.4s, cached chromedriver)
  · Checking Chrome profile session for refresh9
  · Trying saved cookies for refresh9 before Selenium login
  ✓ Logged in via saved cookies  refresh9
  · Step 2/3  Open first token NFT page  …4362773390
  ·            https://bscscan.com/nft/0xF8646A3Ca093e97Bb404c3b25e675C0394DD5b30/77923704698796791606724597852939496325454310085222522082378835672894362773390
  ✓ NFT page loaded  …4362773390
  ✓ Session ready  refresh9  (48/100 left, started 2026-09-07T08:59:27Z)
  · Refreshing …4362773390  (146/228)  (account: refresh9)
  ✓ …4362773390  refresh clicked  (8.0s)
  Quota              47/100 remaining for refresh9
  · Refreshing …1125523251  (147/228)  (account: refresh9)
  ✓ …1125523251  refresh clicked  (8.0s)
  Quota              46/100 remaining for refresh9
  · Refreshing …5856323614  (148/228)  (account: refresh9)
  ✓ …5856323614  refresh clicked  (7.8s)
  Quota              45/100 remaining for refresh9
  · Refreshing …6651225956  (149/228)  (account: refresh9)
  ✓ …6651225956  refresh clicked  (8.0s)
  Quota              44/100 remaining for refresh9
  · Refreshing …0327598109  (150/228)  (account: refresh9)
  ⚠ Chrome driver not responding — restarting
  · Chrome profile  /Users/admin/.refresh/chrome-bscscan/profiles/refresh9  (Default)
  · Chrome version_main  152
  · Chrome started  (1.2s, cached chromedriver)
  · Checking Chrome profile session for refresh9
  · Trying saved cookies for refresh9 before Selenium login
  ✓ Logged in via saved cookies  refresh9
  · Step 2/3  Open first token NFT page  …0327598109
  ·            https://bscscan.com/nft/0xF8646A3Ca093e97Bb404c3b25e675C0394DD5b30/16303339647292725728173763767290660863945606532661065469269666177330327598109
  ⚠ Saved session unavailable for refresh9 — full login required
  · Logging in  refresh9
  · Step 1/3  Selenium login  refresh9
  · Login attempt 1/3  refresh9
  · Login page open  https://bscscan.com/login
  ✓ Filled username/password for refresh9
  · Waiting for Turnstile (complete captcha in browser if shown)...
  ✓ Turnstile completed (40.5s)
  · Clicking LOGIN...
  ✓ Logged in as refresh9
  ✓ Login successful  refresh9  (52.1s)
  · Step 2/3  Open first token NFT page  …0327598109
  ·            https://bscscan.com/nft/0xF8646A3Ca093e97Bb404c3b25e675C0394DD5b30/16303339647292725728173763767290660863945606532661065469269666177330327598109
  ✓ NFT page loaded  …0327598109
  ✓ Session ready  refresh9  (44/100 left, started 2026-09-07T08:59:27Z)
  ✓ …0327598109  refresh clicked  (106.9s)
  Quota              43/100 remaining for refresh9
  · Refreshing …2870287976  (151/228)  (account: refresh9)
  ✓ …2870287976  refresh clicked  (18.5s)
  Quota              42/100 remaining for refresh9
  · Refreshing …8443884778  (152/228)  (account: refresh9)
  ⚠ Rotated to refresh10
  · Switching browser session to refresh10
  · Chrome profile  /Users/admin/.refresh/chrome-bscscan/profiles/refresh10  (Default)
  · Chrome version_main  152
  · Chrome started  (14.2s, cached chromedriver)
  · Checking Chrome profile session for refresh10
  · Trying saved cookies for refresh10 before Selenium login
  ⚠ Saved cookies did not restore session for refresh10
  ⚠ Saved session unavailable for refresh10 — full login required
  · Logging in  refresh10
  · Step 1/3  Selenium login  refresh10
  · Login attempt 1/3  refresh10
  · Login page open  https://bscscan.com/login
  ✓ Filled username/password for refresh10
  · Waiting for Turnstile (complete captcha in browser if shown)...
  ✓ Turnstile completed (42.5s)
  · Clicking LOGIN...
  ✓ Logged in as refresh10
Traceback (most recent call last):
  File "/Users/admin/refresh-metadata/refresh-metadata-tool/refresh-metadata/refresh.py", line 786, in <module>
    main()
  File "/Users/admin/refresh-metadata/refresh-metadata-tool/refresh-metadata/refresh.py", line 748, in main
    result = refresh_token_with_browser_recovery(token_id)
  File "/Users/admin/refresh-metadata/refresh-metadata-tool/refresh-metadata/refresh.py", line 374, in refresh_token_with_browser_recovery
    return refresh_token(token_id)
  File "/Users/admin/refresh-metadata/refresh-metadata-tool/refresh-metadata/refresh.py", line 619, in refresh_token
    blocked = _rotate_on_cloudflare(token_id)
  File "/Users/admin/refresh-metadata/refresh-metadata-tool/refresh-metadata/refresh.py", line 518, in _rotate_on_cloudflare
    if rotate_account(warm_token_id=warm_token_id):
  File "/Users/admin/refresh-metadata/refresh-metadata-tool/refresh-metadata/refresh.py", line 479, in rotate_account
    wait = switch_active_account_session(token_id=warm_token_id)
  File "/Users/admin/refresh-metadata/refresh-metadata-tool/refresh-metadata/refresh.py", line 460, in switch_active_account_session
    return restore_browser_session(browser, username, token_id=token_id)
  File "/Users/admin/refresh-metadata/refresh-metadata-tool/refresh-metadata/refresh.py", line 311, in restore_browser_session
    login_active_account(token_id=token_id)
  File "/Users/admin/refresh-metadata/refresh-metadata-tool/refresh-metadata/refresh.py", line 410, in login_active_account
    login.selenium_login(browser, username, password)
  File "/Users/admin/refresh-metadata/refresh-metadata-tool/accounts/login.py", line 875, in selenium_login
    raise RuntimeError(
RuntimeError: Login failed for refresh10 — complete login in browser, then retry
Traceback (most recent call last):
  File "/Users/admin/refresh-metadata/refresh-metadata-tool/run_workflow.py", line 201, in <module>
    main()
  File "/Users/admin/refresh-metadata/refresh-metadata-tool/run_workflow.py", line 189, in main
    run_phase("refresh-metadata/refresh.py", [sys.executable, "refresh-metadata/refresh.py"], env=refresh_env)
  File "/Users/admin/refresh-metadata/refresh-metadata-tool/run_workflow.py", line 71, in run_phase
    raise subprocess.CalledProcessError(code, cmd)
subprocess.CalledProcessError: Command '['/Library/Developer/CommandLineTools/usr/bin/python3', 'refresh-metadata/refresh.py']' returned non-zero exit status 1.
=== exit 1 at 2026-09-07 22:41:53.443563 ===
